model,rental_period,maintenance_cycle,commission_fee
CHP-7212N,3년,자가관리(타사보상),345330
CHP-7212N,3년,자가관리,345330
CHP-7212N,3년,방문관리/4개월(타사보상),345330
CHP-7212N,3년,방문관리/4개월,345330
CHP-7212N,5년,자가관리(타사보상),345330
CHP-7212N,5년,자가관리,345330
CHP-7212N,5년,방문관리/4개월(타사보상),345330
CHP-7212N,5년,방문관리/4개월,345330
CHP-7212N,6년,자가관리(타사보상),402390
CHP-7212N,6년,자가관리,402390
CHP-7212N,6년,방문관리/4개월(타사보상),402390
CHP-7212N,6년,방문관리/4개월,402390
CHP-7212N,7년,자가관리(타사보상),402390
CHP-7212N,7년,자가관리,402390
CHP-7212N,7년,방문관리/4개월(타사보상),402390
CHP-7212N,7년,방문관리/4개월,402390
CHP-7220N,3년,자가관리(타사보상),335250
CHP-7220N,3년,자가관리,335250
CHP-7220N,3년,방문관리/4개월(타사보상),335250
CHP-7220N,3년,방문관리/4개월,335250
CHP-7220N,5년,자가관리(타사보상),335250
CHP-7220N,5년,자가관리,335250
CHP-7220N,5년,방문관리/4개월(타사보상),335250
CHP-7220N,5년,방문관리/4개월,335250
CHP-7220N,6년,자가관리(타사보상),389790
CHP-7220N,6년,자가관리,389790
CHP-7220N,6년,방문관리/4개월(타사보상),389790
CHP-7220N,6년,방문관리/4개월,389790
CHP-7220N,7년,자가관리(타사보상),389790
CHP-7220N,7년,자가관리,389790
CHP-7220N,7년,방문관리/4개월(타사보상),389790
CHP-7220N,7년,방문관리/4개월,389790
CHP-7211N,3년,기본,335250
CHP-7211N,5년,기본,335250
CHP-7211N,6년,기본,389790
CHP-7211N,7년,기본,389790
CHP-8200N,3년,자가관리(타사보상),355410
CHP-8200N,3년,자가관리,355410
CHP-8200N,3년,방문관리/6개월(타사보상),355410
CHP-8200N,3년,방문관리/6개월,355410
CHP-8200N,5년,자가관리(타사보상),355410
CHP-8200N,5년,자가관리,355410
CHP-8200N,5년,방문관리/6개월(타사보상),355410
CHP-8200N,5년,방문관리/6개월,355410
CHP-8200N,6년,자가관리(타사보상),414990
CHP-8200N,6년,자가관리,414990
CHP-8200N,6년,방문관리/6개월(타사보상),414990
CHP-8200N,6년,방문관리/6개월,414990
CHP-8200N,7년,자가관리(타사보상),414990
CHP-8200N,7년,자가관리,414990
CHP-8200N,7년,방문관리/6개월(타사보상),414990
CHP-8200N,7년,방문관리/6개월,414990
CHP-8210N,3년,자가관리(타사보상),355410
CHP-8210N,3년,자가관리,355410
CHP-8210N,3년,방문관리/6개월(타사보상),355410
CHP-8210N,3년,방문관리6개월,355410
CHP-8210N,5년,자가관리(타사보상),355410
CHP-8210N,5년,자가관리,355410
CHP-8210N,5년,방문관리/6개월(타사보상),355410
CHP-8210N,5년,방문관리6개월,355410
CHP-8210N,6년,자가관리(타사보상),414990
CHP-8210N,6년,자가관리,414990
CHP-8210N,6년,방문관리/6개월(타사보상),414990
CHP-8210N,6년,방문관리6개월,414990
CHP-8210N,7년,자가관리(타사보상),414990
CHP-8210N,7년,자가관리,414990
CHP-8210N,7년,방문관리/6개월(타사보상),414990
CHP-8210N,7년,방문관리6개월,414990
CHP-8310L,3년,자가관리(타사보상),355410
CHP-8310L,3년,자가관리,355410
CHP-8310L,3년,방문관리/6개월(타사보상),355410
CHP-8310L,3년,방문관리/6개월,355410
CHP-8310L,5년,자가관리(타사보상),355410
CHP-8310L,5년,자가관리,355410
CHP-8310L,5년,방문관리/6개월(타사보상),355410
CHP-8310L,5년,방문관리/6개월,355410
CHP-8310L,6년,자가관리(타사보상),414990
CHP-8310L,6년,자가관리,414990
CHP-8310L,6년,방문관리/6개월(타사보상),414990
CHP-8310L,6년,방문관리/6개월,414990
CHP-8310L,7년,자가관리(타사보상),414990
CHP-8310L,7년,자가관리,414990
CHP-8310L,7년,방문관리/6개월(타사보상),414990
CHP-8310L,7년,방문관리/6개월,414990
CHP-6340L,3년,방문관리/2개월(타사보상),335250
CHP-6340L,3년,방문관리/2개월,335250
CHP-6340L,5년,방문관리/2개월(타사보상),335250
CHP-6340L,5년,방문관리/2개월,335250
CHP-6340L,6년,방문관리/2개월(타사보상),389790
CHP-6340L,6년,방문관리/2개월,389790
CHP-6340L,7년,방문관리/2개월(타사보상),389790
CHP-6340L,7년,방문관리/2개월,389790
CHP-1111N/CHP-1112N,3년,기본,345330
CHP-1111N/CHP-1112N,5년,기본,345330
CHP-1111N/CHP-1112N,6년,기본,402390
CHP-1111N/CHP-1112N,7년,기본,402390
CHP-3140N,3년,자가관리(타사보상),355410
CHP-3140N,3년,자가관리,355410
CHP-3140N,3년,방문관리/6개월(타사보상),355410
CHP-3140N,3년,방문관리/6개월,355410
CHP-3140N,5년,자가관리(타사보상),355410
CHP-3140N,5년,자가관리,355410
CHP-3140N,5년,방문관리/6개월(타사보상),355410
CHP-3140N,5년,방문관리/6개월,355410
CHP-3140N,6년,자가관리(타사보상),414990
CHP-3140N,6년,자가관리,414990
CHP-3140N,6년,방문관리/6개월(타사보상),414990
CHP-3140N,6년,방문관리/6개월,414990
CHP-3140N,7년,자가관리(타사보상),414990
CHP-3140N,7년,자가관리,414990
CHP-3140N,7년,방문관리/6개월(타사보상),414990
CHP-3140N,7년,방문관리/6개월,414990
CHP-5700R,3년,방문관리/2개월,385830
CHP-5700R,5년,방문관리/2개월,385830
CHP-5700R,6년,방문관리/2개월,453060
CHP-5711R,3년,방문관리/4개월(타사보상),335250
CHP-5711R,3년,방문관리/4개월,335250
CHP-5711R,3년,방문관리/2개월(타사보상),335250
CHP-5711R,3년,방문관리/2개월,335250
CHP-5711R,5년,방문관리/4개월(타사보상),335250
CHP-5711R,5년,방문관리/4개월,335250
CHP-5711R,5년,방문관리/2개월(타사보상),335250
CHP-5711R,5년,방문관리/2개월,335250
CHP-5711R,6년,방문관리/4개월(타사보상),389790
CHP-5711R,6년,방문관리/4개월,389790
CHP-5711R,6년,방문관리/2개월(타사보상),389790
CHP-5711R,6년,방문관리/2개월,389790
CHP-5711L,3년,방문관리/4개월(타사보상),325080
CHP-5711L,3년,방문관리/4개월,325080
CHP-5711L,3년,방문관리/2개월(타사보상),325080
CHP-5711L,3년,방문관리/2개월,325080
CHP-5711L,5년,방문관리/4개월(타사보상),325080
CHP-5711L,5년,방문관리/4개월,325080
CHP-5711L,5년,방문관리/2개월(타사보상),325080
CHP-5711L,5년,방문관리/2개월,325080
CHP-5711L,6년,방문관리/4개월(타사보상),377100
CHP-5711L,6년,방문관리/4개월,377100
CHP-5711L,6년,방문관리/2개월(타사보상),377100
CHP-5711L,6년,방문관리/2개월,377100
CHP-5730R,3년,방문관리/4개월(타사보상),335250
CHP-5730R,3년,방문관리/4개월,335250
CHP-5730R,3년,방문관리/2개월(타사보상),335250
CHP-5730R,3년,방문관리/2개월,335250
CHP-5730R,5년,방문관리/4개월(타사보상),335250
CHP-5730R,5년,방문관리/4개월,335250
CHP-5730R,5년,방문관리/2개월(타사보상),335250
CHP-5730R,5년,방문관리/2개월,335250
CHP-5730R,6년,방문관리/4개월(타사보상),389790
CHP-5730R,6년,방문관리/4개월,389790
CHP-5730R,6년,방문관리/2개월(타사보상),389790
CHP-5730R,6년,방문관리/2개월,389790
CHP-5730L,3년,방문관리/4개월(타사보상),335250
CHP-5730L,3년,방문관리/4개월,335250
CHP-5730L,3년,방문관리/2개월(타사보상),335250
CHP-5730L,3년,방문관리/2개월,335250
CHP-5730L,5년,방문관리/4개월(타사보상),335250
CHP-5730L,5년,방문관리/4개월,335250
CHP-5730L,5년,방문관리/2개월(타사보상),335250
CHP-5730L,5년,방문관리/2개월,335250
CHP-5730L,6년,방문관리/4개월(타사보상),389790
CHP-5730L,6년,방문관리/4개월,389790
CHP-5730L,6년,방문관리/2개월(타사보상),389790
CHP-5730L,6년,방문관리/2개월,389790
CHP-5730N,3년,방문관리/2개월(타사보상),335250
CHP-5730N,3년,방문관리/2개월,335250
CHP-5730N,5년,방문관리/2개월(타사보상),335250
CHP-5730N,5년,방문관리/2개월,335250
CHP-5730N,6년,방문관리/2개월(타사보상),389790
CHP-5730N,6년,방문관리/2개월,389790
CHP-5720L,3년,방문관리/4개월,375660
CHP-5720L,3년,방문관리/2개월,375660
CHP-5720L,5년,방문관리/4개월,375660
CHP-5720L,5년,방문관리/2개월,375660
CHP-5720L,6년,방문관리/4개월,440370
CHP-5720L,6년,방문관리/2개월,440370
CHP-700L,3년,방문관리/2개월,405990
CHPI-7430N,3년,자가관리(타사보상),375660
CHPI-7430N,3년,자가관리,375660
CHPI-7430N,3년,방문관리/4개월(타사보상),375660
CHPI-7430N,3년,방문관리/4개월,375660
CHPI-7430N,3년,방문관리/2개월(타사보상),375660
CHPI-7430N,3년,방문관리/2개월,375660
CHPI-7430N,5년,자가관리(타사보상),375660
CHPI-7430N,5년,자가관리,375660
CHPI-7430N,5년,방문관리/4개월(타사보상),375660
CHPI-7430N,5년,방문관리/4개월,375660
CHPI-7430N,5년,방문관리/2개월(타사보상),375660
CHPI-7430N,5년,방문관리/2개월,375660
CHPI-7430N,6년,자가관리(타사보상),440370
CHPI-7430N,6년,자가관리,440370
CHPI-7430N,6년,방문관리/4개월(타사보상),440370
CHPI-7430N,6년,방문관리/4개월,440370
CHPI-7430N,6년,방문관리/2개월(타사보상),440370
CHPI-7430N,6년,방문관리/2개월,440370
CHPI-7430N,7년,자가관리(타사보상),440370
CHPI-7430N,7년,자가관리,440370
CHPI-7430N,7년,방문관리/4개월(타사보상),440370
CHPI-7430N,7년,방문관리/4개월,440370
CHPI-7430N,7년,방문관리/2개월(타사보상),440370
CHPI-7430N,7년,방문관리/2개월,440370
CHPI-7420N,3년,방문관리/4개월(타사보상),385830
CHPI-7420N,3년,방문관리/4개월,385830
CHPI-7420N,3년,방문관리/2개월(타사보상),385830
CHPI-7420N,3년,방문관리/2개월,385830
CHPI-7420N,5년,방문관리/4개월(타사보상),385830
CHPI-7420N,5년,방문관리/4개월,385830
CHPI-7420N,5년,방문관리/2개월(타사보상),385830
CHPI-7420N,5년,방문관리/2개월,385830
CHPI-7420N,6년,방문관리/4개월(타사보상),453060
CHPI-7420N,6년,방문관리/4개월,453060
CHPI-7420N,6년,방문관리/2개월(타사보상),453060
CHPI-7420N,6년,방문관리/2개월,453060
CHPI-7420N,7년,방문관리/4개월(타사보상),453060
CHPI-7420N,7년,방문관리/4개월,453060
CHPI-7420N,7년,방문관리/2개월(타사보상),453060
CHPI-7420N,7년,방문관리/2개월,453060
CHPI-7410N,3년,방문관리/4개월(타사보상),375660
CHPI-7410N,3년,방문관리/4개월,375660
CHPI-7410N,3년,방문관리/2개월(타사보상),375660
CHPI-7410N,3년,방문관리/2개월,375660
CHPI-7410N,5년,방문관리/4개월(타사보상),375660
CHPI-7410N,5년,방문관리/4개월,375660
CHPI-7410N,5년,방문관리/2개월(타사보상),375660
CHPI-7410N,5년,방문관리/2개월,375660
CHPI-7410N,6년,방문관리/4개월(타사보상),440370
CHPI-7410N,6년,방문관리/4개월,440370
CHPI-7410N,6년,방문관리/2개월(타사보상),440370
CHPI-7410N,6년,방문관리/2개월,440370
CHPI-7410N,7년,방문관리/4개월(타사보상),440370
CHPI-7410N,7년,방문관리/4개월,440370
CHPI-7410N,7년,방문관리/2개월(타사보상),440370
CHPI-7410N,7년,방문관리/2개월,440370
CHPI-7400N,3년,방문관리/4개월(타사보상),375660
CHPI-7400N,3년,방문관리/4개월,375660
CHPI-7400N,3년,방문관리/2개월(타사보상),375660
CHPI-7400N,3년,방문관리/2개월,375660
CHPI-7400N,5년,방문관리/4개월(타사보상),375660
CHPI-7400N,5년,방문관리/4개월,375660
CHPI-7400N,5년,방문관리/2개월(타사보상),375660
CHPI-7400N,5년,방문관리/2개월,375660
CHPI-7400N,6년,방문관리/4개월(타사보상),440370
CHPI-7400N,6년,방문관리/4개월,440370
CHPI-7400N,6년,방문관리/2개월(타사보상),440370
CHPI-7400N,6년,방문관리/2개월,440370
CHPI-7400N,7년,방문관리/4개월(타사보상),440370
CHPI-7400N,7년,방문관리/4개월,440370
CHPI-7400N,7년,방문관리/2개월(타사보상),440370
CHPI-7400N,7년,방문관리/2개월,440370
CHPI-7511L,3년,방문관리/4개월(타사보상),375660
CHPI-7511L,3년,방문관리/4개월,375660
CHPI-7511L,3년,방문관리/2개월(타사보상),375660
CHPI-7511L,3년,방문관리/2개월,375660
CHPI-7511L,5년,방문관리/4개월(타사보상),375660
CHPI-7511L,5년,방문관리/4개월,375660
CHPI-7511L,5년,방문관리/2개월(타사보상),375660
CHPI-7511L,5년,방문관리/2개월,375660
CHPI-7511L,6년,방문관리/4개월(타사보상),440370
CHPI-7511L,6년,방문관리/4개월,440370
CHPI-7511L,6년,방문관리/2개월(타사보상),440370
CHPI-7511L,6년,방문관리/2개월,440370
CHPI-7511L,7년,방문관리/4개월(타사보상),440370
CHPI-7511L,7년,방문관리/4개월,440370
CHPI-7511L,7년,방문관리/2개월(타사보상),440370
CHPI-7511L,7년,방문관리/2개월,440370
CHPI-7521L,3년,방문관리/4개월(타사보상),365580
CHPI-7521L,3년,방문관리/4개월,365580
CHPI-7521L,3년,방문관리/2개월(타사보상),365580
CHPI-7521L,3년,방문관리/2개월,365580
CHPI-7521L,5년,방문관리/4개월(타사보상),365580
CHPI-7521L,5년,방문관리/4개월,365580
CHPI-7521L,5년,방문관리/2개월(타사보상),365580
CHPI-7521L,5년,방문관리/2개월,365580
CHPI-7521L,6년,방문관리/4개월(타사보상),427770
CHPI-7521L,6년,방문관리/4개월,427770
CHPI-7521L,6년,방문관리/2개월(타사보상),427770
CHPI-7521L,6년,방문관리/2개월,427770
CHPI-7521L,7년,방문관리/4개월(타사보상),427770
CHPI-7521L,7년,방문관리/4개월,427770
CHPI-7521L,7년,방문관리/2개월(타사보상),427770
CHPI-7521L,7년,방문관리/2개월,427770
CHPI-5820L,3년,방문관리/4개월,395910
CHPI-5820L,3년,방문관리/2개월,395910
CHPI-5820L,3년,방문관리/4개월(타사보상),395910
CHPI-5820L,3년,방문관리/2개월(타사보상),395910
CHPI-5820L,5년,방문관리/4개월,395910
CHPI-5820L,5년,방문관리/2개월,395910
CHPI-5820L,5년,방문관리/4개월(타사보상),395910
CHPI-5820L,5년,방문관리/2개월(타사보상),395910
CHPI-5820L,6년,방문관리/4개월,465660
CHPI-5820L,6년,방문관리/2개월,465660
CHPI-5820L,6년,방문관리/4개월(타사보상),465660
CHPI-5820L,6년,방문관리/2개월(타사보상),465660
CHPI-5810L,3년,방문관리/4개월,395910
CHPI-5810L,3년,방문관리/2개월,395910
CHPI-5810L,5년,방문관리/4개월,395910
CHPI-5810L,5년,방문관리/2개월,395910
CHPI-5810L,6년,방문관리/4개월,465660
CHPI-5810L,6년,방문관리/2개월,465660
CHPI-620L,3년,방문관리/2개월(타사보상),385830
CHPI-620L,3년,방문관리/2개월,385830
CHPI-620L,5년,방문관리/2개월(타사보상),385830
CHPI-620L,5년,방문관리/2개월,385830
CHPI-620L,6년,방문관리/2개월(타사보상),453060
CHPI-620L,6년,방문관리/2개월,453060
CHPI-5801L,3년,방문관리/2개월(타사보상),395910
CHPI-5801L,3년,방문관리/2개월,395910
CHPI-5801L,5년,방문관리/2개월(타사보상),395910
CHPI-5801L,5년,방문관리/2개월,395910
CHPI-5801L,6년,방문관리/2개월(타사보상),465660
CHPI-5801L,6년,방문관리/2개월,465660
CHPI-5830L,3년,방문관리/4개월,405990
CHPI-5830L,3년,방문관리/2개월,405990
CHPI-5830L,5년,방문관리/4개월,405990
CHPI-5830L,5년,방문관리/2개월,405990
CHPI-5830L,6년,방문관리/4개월,478260
CHPI-5830L,6년,방문관리/2개월,478260
CPI-7410N,3년,방문관리/4개월(타사보상),375660
CPI-7410N,3년,방문관리/4개월,375660
CPI-7410N,3년,방문관리/2개월(타사보상),375660
CPI-7410N,3년,방문관리/2개월,375660
CPI-7410N,5년,방문관리/4개월(타사보상),375660
CPI-7410N,5년,방문관리/4개월,375660
CPI-7410N,5년,방문관리/2개월(타사보상),375660
CPI-7410N,5년,방문관리/2개월,375660
CPI-7410N,6년,방문관리/4개월(타사보상),440370
CPI-7410N,6년,방문관리/4개월,440370
CPI-7410N,6년,방문관리/2개월(타사보상),440370
CPI-7410N,6년,방문관리/2개월,440370
CPI-7410N,7년,방문관리/4개월(타사보상),440370
CPI-7410N,7년,방문관리/4개월,440370
CPI-7410N,7년,방문관리/2개월(타사보상),440370
CPI-7410N,7년,방문관리/2개월,440370
CPI-7400N,3년,방문관리/4개월(타사보상),365580
CPI-7400N,3년,방문관리/4개월,365580
CPI-7400N,3년,방문관리/2개월(타사보상),365580
CPI-7400N,3년,방문관리/2개월,365580
CPI-7400N,5년,방문관리/4개월(타사보상),365580
CPI-7400N,5년,방문관리/4개월,365580
CPI-7400N,5년,방문관리/2개월(타사보상),365580
CPI-7400N,5년,방문관리/2개월,365580
CPI-7400N,6년,방문관리/4개월(타사보상),427770
CPI-7400N,6년,방문관리/4개월,427770
CPI-7400N,6년,방문관리/2개월(타사보상),427770
CPI-7400N,6년,방문관리/2개월,427770
CPI-7400N,7년,방문관리/4개월(타사보상),427770
CPI-7400N,7년,방문관리/4개월,427770
CPI-7400N,7년,방문관리/2개월(타사보상),427770
CPI-7400N,7년,방문관리/2개월,427770
CPI-7511L,3년,방문관리/4개월(타사보상),365580
CPI-7511L,3년,방문관리/4개월,365580
CPI-7511L,3년,방문관리/2개월(타사보상),365580
CPI-7511L,3년,방문관리/2개월,365580
CPI-7511L,5년,방문관리/4개월(타사보상),365580
CPI-7511L,5년,방문관리/4개월,365580
CPI-7511L,5년,방문관리/2개월(타사보상),365580
CPI-7511L,5년,방문관리/2개월,365580
CPI-7511L,6년,방문관리/4개월(타사보상),427770
CPI-7511L,6년,방문관리/4개월,427770
CPI-7511L,6년,방문관리/2개월(타사보상),427770
CPI-7511L,6년,방문관리/2개월,427770
CPI-7511L,7년,방문관리/4개월(타사보상),427770
CPI-7511L,7년,방문관리/4개월,427770
CPI-7511L,7년,방문관리/2개월(타사보상),427770
CPI-7511L,7년,방문관리/2개월,427770
CPSI-8510L,3년,방문관리/2개월(타사보상),332064
CPSI-8510L,3년,방문관리/2개월,332064
CPSI-8510L,5년,방문관리/2개월(타사보상),332064
CPSI-8510L,5년,방문관리/2개월,332064
CPSI-8510L,6년,방문관리/2개월(타사보상),385848
CPSI-8510L,6년,방문관리/2개월,385848
P-350N,3년,자가관리,287010
P-350N,3년,방문관리/6개월,287010
P-350N,5년,자가관리,287010
P-350N,5년,방문관리/6개월,287010
P-350N,6년,자가관리,329490
P-350N,6년,방문관리/6개월,329490
P-350N,7년,자가관리,329490
P-350N,7년,방문관리/6개월,329490
P-2200N,3년,자가관리,287010
P-2200N,3년,방문관리/6개월,287010
P-2200N,5년,자가관리,287010
P-2200N,5년,방문관리/6개월,287010
P-2200N,6년,자가관리,329490
P-2200N,6년,방문관리/6개월,329490
P-2200N,7년,자가관리,329490
P-2200N,7년,방문관리/6개월,329490
P-6320L,3년,방문관리/2개월,297090
P-6320L,5년,방문관리/2개월,297090
P-6320L,6년,방문관리/2개월,342090
P-6320L,7년,방문관리/2개월,342090
AP-3525I,3년,방문관리/2개월,383760
AP-3525I,5년,방문관리/2개월,383760
AP-3525I,6년,방문관리/2개월,423810
AP-3525I,7년,방문관리/2개월,423810
AP-1125G,3년,자가관리,305190
AP-1125G,3년,방문관리/4개월,305190
AP-1125G,3년,방문관리/2개월,305190
AP-1125G,5년,자가관리,305190
AP-1125G,5년,방문관리/4개월,305190
AP-1125G,5년,방문관리/2개월,305190
AP-1125G,6년,자가관리,333450
AP-1125G,6년,방문관리/4개월,333450
AP-1125G,6년,방문관리/2개월,333450
AP-1125G,7년,자가관리,333450
AP-1125G,7년,방문관리/4개월,333450
AP-1125G,7년,방문관리/2개월,333450
AP-1526A,3년,자가관리,315270
AP-1526A,3년,방문관리/4개월,315270
AP-1526A,3년,방문관리/2개월,315270
AP-1526A,5년,자가관리,315270
AP-1526A,5년,방문관리/4개월,315270
AP-1526A,5년,방문관리/2개월,315270
AP-1526A,6년,자가관리,344970
AP-1526A,6년,방문관리/4개월,344970
AP-1526A,6년,방문관리/2개월,344970
AP-1526A,7년,자가관리,344970
AP-1526A,7년,방문관리/4개월,344970
AP-1526A,7년,방문관리/2개월,344970
AP-2026B,3년,자가관리,325440
AP-2026B,3년,방문관리/4개월,325440
AP-2026B,3년,방문관리/2개월,325440
AP-2026B,5년,자가관리,325440
AP-2026B,5년,방문관리/4개월,325440
AP-2026B,5년,방문관리/2개월,325440
AP-2026B,6년,자가관리,356670
AP-2026B,6년,방문관리/4개월,356670
AP-2026B,6년,방문관리/2개월,356670
AP-2026B,7년,자가관리,356670
AP-2026B,7년,방문관리/4개월,356670
AP-2026B,7년,방문관리/2개월,356670
AP-2425H,3년,자가관리,343350
AP-2425H,3년,방문관리/4개월,343350
AP-2425H,3년,방문관리/2개월,343350
AP-2425H,5년,자가관리,343350
AP-2425H,5년,방문관리/4개월,343350
AP-2425H,5년,방문관리/2개월,343350
AP-2425H,6년,자가관리,377280
AP-2425H,6년,방문관리/4개월,377280
AP-2425H,6년,방문관리/2개월,377280
AP-2425H,7년,자가관리,377280
AP-2425H,7년,방문관리/4개월,377280
AP-2425H,7년,방문관리/2개월,377280
AP-1623M,3년,자가관리(타사보상),363510
AP-1623M,3년,자가관리,363510
AP-1623M,3년,방문관리/6개월(타사보상),363510
AP-1623M,3년,방문관리/6개월,363510
AP-1623M,3년,방문관리/4개월(타사보상),363510
AP-1623M,3년,방문관리/4개월,363510
AP-1623M,5년,자가관리(타사보상),363510
AP-1623M,5년,자가관리,363510
AP-1623M,5년,방문관리/6개월(타사보상),363510
AP-1623M,5년,방문관리/6개월,363510
AP-1623M,5년,방문관리/4개월(타사보상),363510
AP-1623M,5년,방문관리/4개월,363510
AP-1623M,6년,자가관리(타사보상),400500
AP-1623M,6년,자가관리,400500
AP-1623M,6년,방문관리/6개월(타사보상),400500
AP-1623M,6년,방문관리/6개월,400500
AP-1623M,6년,방문관리/4개월(타사보상),400500
AP-1623M,6년,방문관리/4개월,400500
AP-1623M,7년,자가관리(타사보상),400500
AP-1623M,7년,자가관리,400500
AP-1623M,7년,방문관리/6개월(타사보상),400500
AP-1623M,7년,방문관리/6개월,400500
AP-1623M,7년,방문관리/4개월(타사보상),400500
AP-1623M,7년,방문관리/4개월,400500
AP-2023K,3년,자가관리(타사보상),363510
AP-2023K,3년,자가관리,363510
AP-2023K,3년,방문관리/6개월(타사보상),363510
AP-2023K,3년,방문관리/6개월,363510
AP-2023K,3년,방문관리/4개월(타사보상),363510
AP-2023K,3년,방문관리/4개월,363510
AP-2023K,5년,자가관리(타사보상),363510
AP-2023K,5년,자가관리,363510
AP-2023K,5년,방문관리/6개월(타사보상),363510
AP-2023K,5년,방문관리/6개월,363510
AP-2023K,5년,방문관리/4개월(타사보상),363510
AP-2023K,5년,방문관리/4개월,363510
AP-2023K,6년,자가관리(타사보상),400500
AP-2023K,6년,자가관리,400500
AP-2023K,6년,방문관리/6개월(타사보상),400500
AP-2023K,6년,방문관리/6개월,400500
AP-2023K,6년,방문관리/4개월(타사보상),400500
AP-2023K,6년,방문관리/4개월,400500
AP-2023K,7년,자가관리(타사보상),400500
AP-2023K,7년,자가관리,400500
AP-2023K,7년,방문관리/6개월(타사보상),400500
AP-2023K,7년,방문관리/6개월,400500
AP-2023K,7년,방문관리/4개월(타사보상),400500
AP-2023K,7년,방문관리/4개월,400500
AP-3021D,3년,자가관리(타사보상),393930
AP-3021D,3년,자가관리,393930
AP-3021D,3년,방문관리/6개월(타사보상),393930
AP-3021D,3년,방문관리/6개월,393930
AP-3021D,3년,방문관리/4개월(타사보상),393930
AP-3021D,3년,방문관리/4개월,393930
AP-3021D,5년,자가관리(타사보상),393930
AP-3021D,5년,자가관리,393930
AP-3021D,5년,방문관리/6개월(타사보상),393930
AP-3021D,5년,방문관리/6개월,393930
AP-3021D,5년,방문관리/4개월(타사보상),393930
AP-3021D,5년,방문관리/4개월,393930
AP-3021D,6년,자가관리(타사보상),435510
AP-3021D,6년,자가관리,435510
AP-3021D,6년,방문관리/6개월(타사보상),435510
AP-3021D,6년,방문관리/6개월,435510
AP-3021D,6년,방문관리/4개월(타사보상),435510
AP-3021D,6년,방문관리/4개월,435510
AP-3021D,7년,자가관리(타사보상),435510
AP-3021D,7년,자가관리,435510
AP-3021D,7년,방문관리/6개월(타사보상),435510
AP-3021D,7년,방문관리/6개월,435510
AP-3021D,7년,방문관리/4개월(타사보상),435510
AP-3021D,7년,방문관리/4개월,435510
AP-3024H,3년,자가관리(타사보상),393930
AP-3024H,3년,자가관리,393930
AP-3024H,3년,방문관리/6개월(타사보상),393930
AP-3024H,3년,방문관리/6개월,393930
AP-3024H,3년,방문관리/4개월(타사보상),393930
AP-3024H,3년,방문관리/4개월,393930
AP-3024H,5년,자가관리(타사보상),393930
AP-3024H,5년,자가관리,393930
AP-3024H,5년,방문관리/6개월(타사보상),393930
AP-3024H,5년,방문관리/6개월,393930
AP-3024H,5년,방문관리/4개월(타사보상),393930
AP-3024H,5년,방문관리/4개월,393930
AP-3024H,6년,자가관리(타사보상),435510
AP-3024H,6년,자가관리,435510
AP-3024H,6년,방문관리/6개월(타사보상),435510
AP-3024H,6년,방문관리/6개월,435510
AP-3024H,6년,방문관리/4개월(타사보상),435510
AP-3024H,6년,방문관리/4개월,435510
AP-3024H,7년,자가관리(타사보상),435510
AP-3024H,7년,자가관리,435510
AP-3024H,7년,방문관리/6개월(타사보상),435510
AP-3024H,7년,방문관리/6개월,435510
AP-3024H,7년,방문관리/4개월(타사보상),435510
AP-3024H,7년,방문관리/4개월,435510
AP-4025D,3년,자가관리(타사보상),404010
AP-4025D,3년,자가관리,404010
AP-4025D,3년,방문관리/6개월(타사보상),404010
AP-4025D,3년,방문관리/6개월,404010
AP-4025D,3년,방문관리/4개월(타사보상),404010
AP-4025D,3년,방문관리/4개월,404010
AP-4025D,5년,자가관리(타사보상),404010
AP-4025D,5년,자가관리,404010
AP-4025D,5년,방문관리/6개월(타사보상),404010
AP-4025D,5년,방문관리/6개월,404010
AP-4025D,5년,방문관리/4개월(타사보상),404010
AP-4025D,5년,방문관리/4개월,404010
AP-4025D,6년,자가관리(타사보상),447030
AP-4025D,6년,자가관리,447030
AP-4025D,6년,방문관리/6개월(타사보상),447030
AP-4025D,6년,방문관리/6개월,447030
AP-4025D,6년,방문관리/4개월(타사보상),447030
AP-4025D,6년,방문관리/4개월,447030
AP-4025D,7년,자가관리(타사보상),447030
AP-4025D,7년,자가관리,447030
AP-4025D,7년,방문관리/6개월(타사보상),447030
AP-4025D,7년,방문관리/6개월,447030
AP-4025D,7년,방문관리/4개월(타사보상),447030
AP-4025D,7년,방문관리/4개월,447030
AP-1023F,3년,자가관리(타사보상),305190
AP-1023F,3년,자가관리,305190
AP-1023F,3년,방문관리/2개월(타사보상),305190
AP-1023F,3년,방문관리/2개월,305190
AP-1023F,5년,자가관리(타사보상),305190
AP-1023F,5년,자가관리,305190
AP-1023F,5년,방문관리/2개월(타사보상),305190
AP-1023F,5년,방문관리/2개월,305190
AP-1023F,6년,자가관리(타사보상),333450
AP-1023F,6년,자가관리,333450
AP-1023F,6년,방문관리/2개월(타사보상),333450
AP-1023F,6년,방문관리/2개월,333450
AP-1023F,7년,자가관리(타사보상),333450
AP-1023F,7년,자가관리,333450
AP-1023F,7년,방문관리/2개월(타사보상),333450
AP-1023F,7년,방문관리/2개월,333450
AP-1019D,3년,방문관리/2개월,333180
AP-1019D,5년,방문관리/2개월,333180
AP-1019D,6년,방문관리/2개월,365580
AP-1019D,7년,방문관리/2개월,365580
APM-1226H,3년,자가관리,343350
APM-1226H,3년,방문관리/4개월,343350
APM-1226H,5년,자가관리,343350
APM-1226H,5년,방문관리/4개월,343350
APM-1226H,6년,자가관리,377280
APM-1226H,6년,방문관리/4개월,377280
APM-1226H,7년,자가관리,377280
APM-1226H,7년,방문관리/4개월,377280
AP-1225F,3년,방문관리/2개월,325440
AP-1225F,5년,방문관리/2개월,325440
AP-1523D,3년,자가관리(타사보상),343350
AP-1523D,3년,자가관리,343350
AP-1523D,3년,방문관리/4개월(타사보상),343350
AP-1523D,3년,방문관리/4개월,343350
AP-1523D,3년,방문관리/2개월(타사보상),343350
AP-1523D,3년,방문관리/2개월,343350
AP-1523D,5년,자가관리(타사보상),343350
AP-1523D,5년,자가관리,343350
AP-1523D,5년,방문관리/4개월(타사보상),343350
AP-1523D,5년,방문관리/4개월,343350
AP-1523D,5년,방문관리/2개월(타사보상),343350
AP-1523D,5년,방문관리/2개월,343350
AP-1523D,6년,자가관리(타사보상),377280
AP-1523D,6년,자가관리,377280
AP-1523D,6년,방문관리/4개월(타사보상),377280
AP-1523D,6년,방문관리/4개월,377280
AP-1523D,6년,방문관리/2개월(타사보상),377280
AP-1523D,6년,방문관리/2개월,377280
AP-1523D,7년,자가관리(타사보상),377280
AP-1523D,7년,자가관리,377280
AP-1523D,7년,방문관리/4개월(타사보상),377280
AP-1523D,7년,방문관리/4개월,377280
AP-1523D,7년,방문관리/2개월(타사보상),377280
AP-1523D,7년,방문관리/2개월,377280
AP-3018B,3년,방문관리/2개월,393930
AP-3018B,5년,방문관리/2개월,393930
AP-3018B,6년,방문관리/2개월,435510
AP-3018B,7년,방문관리/2개월,435510
AP-3519A,3년,방문관리/2개월,393930
AP-3519A,5년,방문관리/2개월,393930
APH-0525F,3년,자가관리,343350
APH-0525F,3년,방문관리/6개월,343350
APH-0525F,3년,방문관리/4개월,343350
APH-0525F,5년,자가관리,343350
APH-0525F,5년,방문관리/6개월,343350
APH-0525F,5년,방문관리/4개월,343350
APH-0525F,6년,자가관리,377280
APH-0525F,6년,방문관리/6개월,377280
APH-0525F,6년,방문관리/4개월,377280
APH-0525F,7년,자가관리,377280
APH-0525F,7년,방문관리/6개월,377280
APH-0525F,7년,방문관리/4개월,377280
BAS51-A,3년,자가관리,343350
BAS51-A,3년,방문관리/4개월,343350
BAS51-A,5년,자가관리,343350
BAS51-A,5년,방문관리/4개월,343350
BAS51-A,6년,자가관리,377280
BAS51-A,6년,방문관리/4개월,377280
BAS51-A,7년,자가관리,377280
BAS51-A,7년,방문관리/4개월,377280
BAS49-A,3년,자가관리,315270
BAS49-A,3년,방문관리/4개월,315270
BAS49-A,3년,자가관리(타사보상),315270
BAS49-A,3년,방문관리/4개월(타사보상),315270
BAS49-A,5년,자가관리,315270
BAS49-A,5년,방문관리/4개월,315270
BAS49-A,5년,자가관리(타사보상),315270
BAS49-A,5년,방문관리/4개월(타사보상),315270
BAS49-A,6년,자가관리,344970
BAS49-A,6년,방문관리/4개월,344970
BAS49-A,6년,자가관리(타사보상),344970
BAS49-A,6년,방문관리/4개월(타사보상),344970
BAS37-C,3년,자가관리(타사보상),325440
BAS37-C,3년,자가관리,325440
BAS37-C,3년,방문관리/4개월(타사보상),325440
BAS37-C,3년,방문관리/4개월,325440
BAS37-C,5년,자가관리(타사보상),325440
BAS37-C,5년,자가관리,325440
BAS37-C,5년,방문관리/4개월(타사보상),325440
BAS37-C,5년,방문관리/4개월,325440
BAS37-C,6년,자가관리(타사보상),356670
BAS37-C,6년,자가관리,356670
BAS37-C,6년,방문관리/4개월(타사보상),356670
BAS37-C,6년,방문관리/4개월,356670
BAS37-C,7년,자가관리(타사보상),356670
BAS37-C,7년,자가관리,356670
BAS37-C,7년,방문관리/4개월(타사보상),356670
BAS37-C,7년,방문관리/4개월,356670
BAS38-C,3년,자가관리(타사보상),343350
BAS38-C,3년,자가관리,343350
BAS38-C,3년,방문관리/4개월(타사보상),343350
BAS38-C,3년,방문관리/4개월,343350
BAS38-C,5년,자가관리(타사보상),343350
BAS38-C,5년,자가관리,343350
BAS38-C,5년,방문관리/4개월(타사보상),343350
BAS38-C,5년,방문관리/4개월,343350
BAS38-C,6년,자가관리(타사보상),377280
BAS38-C,6년,자가관리,377280
BAS38-C,6년,방문관리/4개월(타사보상),377280
BAS38-C,6년,방문관리/4개월,377280
BAS38-C,7년,자가관리(타사보상),377280
BAS38-C,7년,자가관리,377280
BAS38-C,7년,방문관리/4개월(타사보상),377280
BAS38-C,7년,방문관리/4개월,377280
BA36-B,3년,방문관리/4개월,295110
BA36-B,3년,방문관리/4개월(타사보상),295110
BA36-B,5년,방문관리/4개월,295110
BA36-B,5년,방문관리/4개월(타사보상),295110
BA36-B,6년,방문관리/4개월,321840
BA36-B,6년,방문관리/4개월(타사보상),321840
BA20-D,3년,방문관리/4개월,295110
BA20-D,3년,방문관리/2개월,295110
BA20-D,5년,방문관리/4개월,295110
BA20-D,5년,방문관리/2개월,295110
BA20-D,6년,방문관리/4개월,321840
BA20-D,6년,방문관리/2개월,321840
BAS40-B,3년,기본,305190
BAS40-B,5년,기본,305190
BAS40-B,6년,기본,333450
BAS40-B,7년,기본,333450
BAS39-A,3년,방문관리/4개월,305190
BAS39-A,5년,방문관리/4개월,305190
BAS39-A,6년,방문관리/4개월,333450
BAS41-B,3년,기본,305190
BAS41-B,5년,기본,305190
BAS41-B,6년,기본,333450
BAS41-B,7년,기본,333450
BAS25-B,3년,방문관리/4개월,315270
BAS25-B,5년,방문관리/4개월,315270
BAS25-B,6년,방문관리/4개월,344970
CMGK-SP01SC,5년,기본,454140
CMGK-SP01SC,7년,기본,487890
CMGK-SP01SC,9년,기본,487890
CMGK-SP01S,5년,기본,444060
CMGK-SP01S,7년,기본,476730
CMGK-SP01S,9년,기본,476730
CMGK-SP02SC,5년,기본,464220
CMGK-SP02SC,7년,기본,498960
CMGK-SP02SC,9년,기본,498960
CMGK-SP02S,5년,기본,454140
CMGK-SP02S,7년,기본,487890
CMGK-SP02S,9년,기본,487890
CMK-SL01,5년,기본,352980
CMK-SL01,6년,기본,363060
CMK-SL01,7년,기본,376560
CMK-SL01,9년,기본,376560
CMK-PR03,5년,기본,373230
CMK-PR03,6년,기본,383310
CMK-PR03,7년,기본,398880
CMK-PR03,9년,기본,398880
CMK-SE01,5년,기본,352980
CMK-SE01,7년,기본,376560
CMK-SE01,9년,기본,376560
CMK-SE02,5년,기본,342900
CMK-SE02,7년,기본,365490
CMK-SE02,9년,기본,365490
CMK-SP01SC,5년,기본,413640
CMK-SP01SC,7년,기본,443340
CMK-SP01SC,9년,기본,443340
CMK-SP01S,5년,기본,403560
CMK-SP01S,7년,기본,432180
CMK-SP01S,9년,기본,432180
CMK-SP02SC,5년,기본,423810
CMK-SP02SC,7년,기본,454500
CMK-SP02SC,9년,기본,454500
CMK-SP02S,5년,기본,413640
CMK-SP02S,7년,기본,443340
CMK-SP02S,9년,기본,443340
CMK-AS05,5년,기본,497700
CMK-AS05,7년,기본,535770
CMK-AS04,5년,기본,444060
CMK-AS04,7년,기본,476730
CMK-SE03,5년,기본,342900
CMK-SE03,7년,기본,365490
CMK-SE03,9년,기본,365490
CMLK-SE02,5년,기본,363060
CMLK-SE02,7년,기본,387630
CMLK-SE02,9년,기본,387630
CMLK-SP01SC,5년,기본,423810
CMLK-SP01SC,7년,기본,454500
CMLK-SP01SC,9년,기본,454500
CMLK-SP01S,5년,기본,413640
CMLK-SP01S,7년,기본,443340
CMLK-SP01S,9년,기본,443340
CMLK-SP02SC,5년,기본,444060
CMLK-SP02SC,7년,기본,476730
CMLK-SP02SC,9년,기본,476730
CMLK-SP02S,5년,기본,433890
CMLK-SP02S,7년,기본,465570
CMLK-SP02S,9년,기본,465570
CMLK-AS05,5년,기본,524160
CMLK-AS05,7년,기본,564840
CMLK-AS04,5년,기본,464220
CMLK-AS04,7년,기본,498960
CMLK-SE03,5년,기본,363060
CMLK-SE03,7년,기본,387630
CMLK-SE03,9년,기본,387630
CMQ-SL01,5년,기본,332730
CMQ-SL01,6년,기본,352980
CMQ-SL01,7년,기본,354330
CMQ-SL01,9년,기본,354330
CMQ-PR03,5년,기본,352980
CMQ-PR03,6년,기본,363060
CMQ-PR03,7년,기본,376560
CMQ-PR03,9년,기본,376560
CMQ-M01,5년,기본,342900
CMQ-M01,6년,기본,342900
CMQ-M01,7년,기본,365490
CMQ-M01,9년,기본,365490
CMQ-OB03,3년,기본,342900
CMQ-OB03,6년,기본,342900
CMQ-OB03,7년,기본,345780
CMQ-OB03,9년,기본,345780
CMQ-ST01EH,5년,기본,324990
CMQ-ST01EH,6년,기본,324990
CMQ-ST01EH,7년,기본,345780
CMQ-ST01EH,9년,기본,345780
CMQ-SE01,5년,기본,332730
CMQ-SE01,7년,기본,354330
CMQ-SE01,9년,기본,354330
CMQ-SE02,5년,기본,324990
CMQ-SE02,7년,기본,345780
CMQ-SE02,9년,기본,345780
CMQ-SP01SC,5년,기본,403560
CMQ-SP01SC,7년,기본,432180
CMQ-SP01SC,9년,기본,432180
CMQ-SP01S,5년,기본,393480
CMQ-SP01S,7년,기본,421110
CMQ-SP01S,9년,기본,421110
CMQ-SP02SC,5년,기본,413640
CMQ-SP02SC,7년,기본,443340
CMQ-SP02SC,9년,기본,443340
CMQ-SP02S,5년,기본,403560
CMQ-SP02S,7년,기본,432180
CMQ-SP02S,9년,기본,432180
CMQ-AS05,5년,기본,474390
CMQ-AS05,7년,기본,510120
CMQ-AS04,5년,기본,433890
CMQ-AS04,7년,기본,465570
CMQ-SE03,5년,기본,332730
CMQ-SE03,7년,기본,354330
CMQ-SE03,9년,기본,354330
CMSS-SL01,5년,기본,304740
CMSS-SL01,6년,기본,324990
CMSS-SL01,7년,기본,323550
CMSS-SL01,9년,기본,323550
CMSS-PR03,5년,기본,342900
CMSS-PR03,6년,기본,363060
CMSS-PR03,7년,기본,365490
CMSS-PR03,9년,기본,365490
CMSS-M01,5년,기본,314820
CMSS-M01,6년,기본,324990
CMSS-M01,7년,기본,334620
CMSS-M01,9년,기본,334620
CMSS-OB03,3년,기본,324990
CMSS-OB03,6년,기본,324990
CMSS-OB03,7년,기본,323550
CMSS-OB03,9년,기본,323550
CMSS-ST01EH,5년,기본,304740
CMSS-ST01EH,6년,기본,304740
CMSS-ST01EH,7년,기본,323550
CMSS-ST01EH,9년,기본,323550
CMS-ST01EH,5년,기본,294660
CMS-ST01EH,6년,기본,304740
CMS-ST01EH,7년,기본,312390
CMS-ST01EH,9년,기본,312390
CMSS-SE01,5년,기본,324990
CMSS-SE01,7년,기본,345780
CMSS-SE01,9년,기본,345780
CMSS-SE02,5년,기본,304740
CMSS-SE02,7년,기본,323550
CMSS-SE02,9년,기본,323550
CMSS-SP01SC,5년,기본,393480
CMSS-SP01SC,7년,기본,421110
CMSS-SP01SC,9년,기본,421110
CMSS-SP01S,5년,기본,383310
CMSS-SP01S,7년,기본,409950
CMSS-SP01S,9년,기본,409950
CMSS-SP02SC,5년,기본,393480
CMSS-SP02SC,7년,기본,421110
CMSS-SP02SC,9년,기본,421110
CMSS-SP02S,5년,기본,383310
CMSS-SP02S,7년,기본,409950
CMSS-SP02S,9년,기본,409950
CMSS-AS05,5년,기본,433890
CMSS-AS05,7년,기본,465570
CMSS-AS04,5년,기본,403560
CMSS-AS04,7년,기본,432180
CMSS-SE03,5년,기본,314820
CMSS-SE03,7년,기본,334620
CMSS-SE03,9년,기본,334620
MC-SC01,5년,기본,509400
MC-C01,5년,기본,347130
MC-B02,5년,기본,322830
MC-B03,5년,기본,322830
MC-R01,5년,기본,382230
MB-R03M,5년,기본,471600
MB-R03M,7년,기본,469350
MB-M03M,5년,기본,501300
MB-M03M,7년,기본,479880
MB-R05M,5년,기본,498600
MB-R05M,7년,기본,490410
MB-M05M,5년,기본,528300
MB-M05M,7년,기본,500940
CP-7220N,3년,자가관리(타사보상),335250
CP-7220N,3년,자가관리,335250
CP-7220N,3년,방문관리/4개월(타사보상),335250
CP-7220N,3년,방문관리/4개월,335250
CP-7220N,5년,자가관리(타사보상),335250
CP-7220N,5년,자가관리,335250
CP-7220N,5년,방문관리/4개월(타사보상),335250
CP-7220N,5년,방문관리/4개월,335250
CP-7220N,6년,자가관리(타사보상),389790
CP-7220N,6년,자가관리,389790
CP-7220N,6년,방문관리/4개월(타사보상),389790
CP-7220N,6년,방문관리/4개월,389790
CP-7220N,7년,자가관리(타사보상),389790
CP-7220N,7년,자가관리,389790
CP-7220N,7년,방문관리/4개월(타사보상),389790
CP-7220N,7년,방문관리/4개월,389790
CP-7211N,3년,자가관리(타사보상),325080
CP-7211N,3년,자가관리,325080
CP-7211N,3년,방문관리/4개월(타사보상),325080
CP-7211N,3년,방문관리/4개월,325080
CP-7211N,5년,자가관리(타사보상),325080
CP-7211N,5년,자가관리,325080
CP-7211N,5년,방문관리/4개월(타사보상),325080
CP-7211N,5년,방문관리/4개월,325080
CP-7211N,6년,자가관리(타사보상),377100
CP-7211N,6년,자가관리,377100
CP-7211N,6년,방문관리/4개월(타사보상),377100
CP-7211N,6년,방문관리/4개월,377100
CP-7211N,7년,자가관리(타사보상),377100
CP-7211N,7년,자가관리,377100
CP-7211N,7년,방문관리/4개월(타사보상),377100
CP-7211N,7년,방문관리/4개월,377100
CP-6340L,3년,방문관리/2개월(타사보상),335250
CP-6340L,3년,방문관리/2개월,335250
CP-6340L,5년,방문관리/2개월(타사보상),335250
CP-6340L,5년,방문관리/2개월,335250
CP-6340L,6년,방문관리/2개월(타사보상),389790
CP-6340L,6년,방문관리/2개월,389790
CP-6340L,7년,방문관리/2개월(타사보상),389790
CP-6340L,7년,방문관리/2개월,389790
WP-50C90621N,3년,자가관리,237600
WP-50C90621N,3년,방문관리/4개월,237600
WP-50C90621N,3년,자가관리(타사보상),237600
WP-50C90621N,3년,방문관리/4개월(타사보상),237600
WP-50C90621N,5년,자가관리,297450
WP-50C90621N,5년,방문관리/4개월,297450
WP-50C90621N,5년,자가관리(타사보상),297450
WP-50C90621N,5년,방문관리/4개월(타사보상),297450
WP-50C90621N,6년,자가관리,312300
WP-50C90621N,6년,방문관리/4개월,312300
WP-50C90621N,6년,자가관리(타사보상),312300
WP-50C90621N,6년,방문관리/4개월(타사보상),312300
WP-30C9460BN,3년,자가관리,90000
WP-30C9460BN,5년,자가관리,99000
WP-45C90020M,3년,방문관리/2개월,182700
WP-45C90020M,3년,방문관리/2개월(타사보상),182700
WP-45C90020M,3년,방문관리/4개월,182700
WP-45C90020M,3년,방문관리/4개월(타사보상),182700
WP-45C90020M,5년,방문관리/2개월,191700
WP-45C90020M,5년,방문관리/2개월(타사보상),191700
WP-45C90020M,5년,방문관리/4개월,191700
WP-45C90020M,5년,방문관리/4개월(타사보상),191700
WP-35C90010N,3년,방문관리/4개월,113400
WP-35C90010N,3년,방문관리/4개월(타사보상),113400
WP-35C90010N,5년,방문관리/4개월,169560
WP-35C90010N,5년,방문관리/4개월(타사보상),169560
WP-60C90520M,3년,방문관리/4개월,325080
WP-60C90520M,3년,방문관리/2개월,325080
WP-60C90520M,3년,방문관리/4개월(타사보상),325080
WP-60C90520M,3년,방문관리/2개월(타사보상),325080
WP-60C90520M,5년,방문관리/4개월,325080
WP-60C90520M,5년,방문관리/2개월,325080
WP-60C90520M,5년,방문관리/4개월(타사보상),325080
WP-60C90520M,5년,방문관리/2개월(타사보상),325080
WP-60C90511M,3년,방문관리/4개월,349650
WP-60C90511M,3년,방문관리/2개월,349650
WP-60C90511M,3년,방문관리/4개월(타사보상),349650
WP-60C90511M,3년,방문관리/2개월(타사보상),349650
WP-60C90511M,5년,방문관리/4개월,267397
WP-60C90511M,5년,방문관리/2개월,267397
WP-60C90511M,5년,방문관리/4개월(타사보상),267397
WP-60C90511M,5년,방문관리/2개월(타사보상),267397
WP-30B90620N,3년,자가관리,324000
WP-30B90620N,3년,방문관리/4개월,324000
WP-30B90620N,3년,자가관리(타사보상),324000
WP-30B90620N,3년,방문관리/4개월(타사보상),324000
WP-30B90620N,5년,자가관리,324000
WP-30B90620N,5년,방문관리/4개월,324000
WP-30B90620N,5년,자가관리(타사보상),324000
WP-30B90620N,5년,방문관리/4개월(타사보상),324000
WP-30B90620N,6년,자가관리,324000
WP-30B90620N,6년,방문관리/4개월,324000
WP-30B90620N,6년,자가관리(타사보상),324000
WP-30B90620N,6년,방문관리/4개월(타사보상),324000
WP-30S50010N,3년,방문관리/4개월,116550
WP-30S50010N,5년,방문관리/4개월,166050
WP-31S90010N,3년,방문관리/2개월,216000
WP-31S90010N,3년,방문관리/2개월(타사보상),216000
WP-31S90010N,3년,방문관리/4개월,216000
WP-31S90010N,3년,방문관리/4개월(타사보상),216000
WP-31S90010N,5년,방문관리/2개월,234000
WP-31S90010N,5년,방문관리/2개월(타사보상),234000
WP-31S90010N,5년,방문관리/4개월,234000
WP-31S90010N,5년,방문관리/4개월(타사보상),234000
WP-50S90010M,3년,방문관리/6개월,204750
WP-50S90010M,3년,방문관리/3개월,204750
WP-50S90010M,3년,방문관리/2개월,204750
WP-50S90010M,3년,방문관리/6개월(타사보상),204750
WP-50S90010M,3년,방문관리/3개월(타사보상),204750
WP-50S90010M,3년,방문관리/2개월(타사보상),204750
WP-50S90010M,5년,방문관리/6개월,269100
WP-50S90010M,5년,방문관리/3개월,269100
WP-50S90010M,5년,방문관리/2개월,269100
WP-50S90010M,5년,방문관리/6개월(타사보상),269100
WP-50S90010M,5년,방문관리/3개월(타사보상),269100
WP-50S90010M,5년,방문관리/2개월(타사보상),269100
WP-46S90510M,3년,방문관리/4개월,394200
WP-46S90510M,3년,방문관리/2개월,394200
WP-46S90510M,3년,방문관리/4개월(타사보상),394200
WP-46S90510M,3년,방문관리/2개월(타사보상),394200
WP-46S90510M,5년,방문관리/4개월,394200
WP-46S90510M,5년,방문관리/2개월,394200
WP-46S90510M,5년,방문관리/4개월(타사보상),394200
WP-46S90510M,5년,방문관리/2개월(타사보상),394200
WP-46S9P510M,3년,방문관리/4개월,415800
WP-46S9P510M,3년,방문관리/2개월,415800
WP-46S9P510M,3년,방문관리/4개월(타사보상),415800
WP-46S9P510M,3년,방문관리/2개월(타사보상),415800
WP-46S9P510M,5년,방문관리/4개월,415800
WP-46S9P510M,5년,방문관리/2개월,415800
WP-46S9P510M,5년,방문관리/4개월(타사보상),415800
WP-46S9P510M,5년,방문관리/2개월(타사보상),415800
WP-80S9P510M,3년,방문관리/6개월,459540
WP-80S9P510M,3년,방문관리/2개월,459540
WP-80S9P510M,3년,방문관리/6개월(타사보상),459540
WP-80S9P510M,3년,방문관리/2개월(타사보상),459540
WP-80S9P510M,5년,방문관리/6개월,427869
WP-80S9P510M,5년,방문관리/2개월,427869
WP-80S9P510M,5년,방문관리/6개월(타사보상),427869
WP-80S9P510M,5년,방문관리/2개월(타사보상),427869
WP-45S9P010M,3년,방문관리/2개월,267300
WP-45S9P010M,3년,방문관리/2개월(타사보상),267300
WP-45S9P010M,5년,방문관리/2개월,267300
WP-45S9P010M,5년,방문관리/2개월(타사보상),267300
WI-37C90720N,3년,방문관리/4개월,302400
WI-37C90720N,3년,방문관리/4개월(타사보상),302400
WI-37C90720N,3년,자가관리,302400
WI-37C90720N,3년,자가관리(타사보상),302400
WI-37C90720N,5년,방문관리/4개월,360900
WI-37C90720N,5년,방문관리/4개월(타사보상),360900
WI-37C90720N,5년,자가관리,360900
WI-37C90720N,5년,자가관리(타사보상),360900
WI-37C90720N,6년,방문관리/4개월,387900
WI-37C90720N,6년,방문관리/4개월(타사보상),387900
WI-37C90720N,6년,자가관리,387900
WI-37C90720N,6년,자가관리(타사보상),387900
WI-36C90620N,3년,자가관리,443070
WI-36C90620N,3년,방문관리/6개월,443070
WI-36C90620N,3년,자가관리(타사보상),443070
WI-36C90620N,3년,방문관리/6개월(타사보상),443070
WI-36C90620N,5년,자가관리,416070
WI-36C90620N,5년,방문관리/6개월,416070
WI-36C90620N,5년,자가관리(타사보상),416070
WI-36C90620N,5년,방문관리/6개월(타사보상),416070
WI-36C90620N,6년,자가관리,450900
WI-36C90620N,6년,방문관리/6개월,450900
WI-36C90620N,6년,자가관리(타사보상),450900
WI-36C90620N,6년,방문관리/6개월(타사보상),450900
WI-53C9600M,5년,방문관리/4개월,297900
WI-55S9P510M,3년,방문관리/4개월,322762
WI-55S9P510M,3년,방문관리/2개월,322762
WI-55S9P510M,3년,방문관리/4개월(타사보상),322762
WI-55S9P510M,3년,방문관리/2개월(타사보상),322762
WI-55S9P510M,5년,방문관리/4개월,453825
WI-55S9P510M,5년,방문관리/2개월,453825
WI-55S9P510M,5년,방문관리/4개월(타사보상),453825
WI-55S9P510M,5년,방문관리/2개월(타사보상),453825
WI-55S90510M,3년,방문관리/4개월,311962
WI-55S90510M,3년,방문관리/2개월,311962
WI-55S90510M,3년,방문관리/4개월(타사보상),311962
WI-55S90510M,3년,방문관리/2개월(타사보상),311962
WI-55S90510M,5년,방문관리/4개월,437287
WI-55S90510M,5년,방문관리/2개월,437287
WI-55S90510M,5년,방문관리/4개월(타사보상),437287
WI-55S90510M,5년,방문관리/2개월(타사보상),437287
WI-70S90010M,3년,방문관리/4개월,469586
WI-70S90010M,3년,방문관리/2개월,469586
WI-70S90010M,3년,방문관리/4개월(타사보상),469586
WI-70S90010M,3년,방문관리/2개월(타사보상),469586
WI-70S90010M,5년,방문관리/4개월,559530
WI-70S90010M,5년,방문관리/2개월,559530
WI-70S90010M,5년,방문관리/4개월(타사보상),559530
WI-70S90010M,5년,방문관리/2개월(타사보상),559530
WI-70S9P010M,3년,방문관리/4개월,391500
WI-70S9P010M,3년,방문관리/2개월,391500
WI-70S9P010M,3년,방문관리/4개월(타사보상),391500
WI-70S9P010M,3년,방문관리/2개월(타사보상),391500
WI-70S9P010M,5년,방문관리/4개월,484312
WI-70S9P010M,5년,방문관리/2개월,484312
WI-70S9P010M,5년,방문관리/4개월(타사보상),484312
WI-70S9P010M,5년,방문관리/2개월(타사보상),484312
WI-80S9P510M,3년,방문관리/6개월,488925
WI-80S9P510M,3년,방문관리/2개월,488925
WI-80S9P510M,3년,방문관리/6개월(타사보상),488925
WI-80S9P510M,3년,방문관리/2개월(타사보상),488925
WI-80S9P510M,5년,방문관리/6개월,468657
WI-80S9P510M,5년,방문관리/2개월,468657
WI-80S9P510M,5년,방문관리/6개월(타사보상),468657
WI-80S9P510M,5년,방문관리/2개월(타사보상),468657
WI-53C8600M,5년,방문관리/4개월,280800
WP-40C60000M,3년,방문관리/3개월,130950
WP-40C60000M,3년,방문관리/3개월(타사보상),130950
WP-40C60000M,3년,방문관리/6개월,130950
WP-40C60000M,5년,방문관리/3개월,130950
WP-40C60000M,5년,방문관리/3개월(타사보상),130950
WP-40C60000M,5년,방문관리/6개월,130950
WP-43C60000M,3년,방문관리/3개월,155250
WP-43C60000M,3년,방문관리/3개월(타사보상),155250
WP-43C60000M,3년,방문관리/6개월,155250
WP-43C60000M,5년,방문관리/3개월,155250
WP-43C60000M,5년,방문관리/3개월(타사보상),155250
WP-43C60000M,5년,방문관리/6개월,155250
AH-12H6050,3년,방문관리/4개월,198720
AH-12H6050,3년,방문관리/4개월(타사보상),198720
AH-12H6050,5년,방문관리/4개월,198720
AH-12H6050,5년,방문관리/4개월(타사보상),198720
AP-20H7560,3년,방문관리/4개월,172800
AP-20H7560,3년,방문관리/4개월(타사보상),172800
AP-20H7560,3년,자가관리,172800
AP-20H7560,3년,자가관리(타사보상),172800
AP-20H7560,5년,방문관리/4개월,288000
AP-20H7560,5년,방문관리/4개월(타사보상),288000
AP-20H7560,5년,자가관리,288000
AP-20H7560,5년,자가관리(타사보상),288000
AP-15H5170,3년,방문관리/4개월,151200
AP-15H5170,3년,방문관리/4개월(타사보상),151200
AP-15H5170,3년,자가관리,151200
AP-15H5170,3년,자가관리(타사보상),151200
AP-15H5170,5년,방문관리/4개월,252000
AP-15H5170,5년,방문관리/4개월(타사보상),252000
AP-15H5170,5년,자가관리,252000
AP-15H5170,5년,자가관리(타사보상),252000
AP-30H8220,3년,방문관리/4개월,446400
AP-30H8220,3년,방문관리/2개월,446400
AP-30H8220,3년,방문관리/4개월(타사보상),446400
AP-30H8220,3년,방문관리/2개월(타사보상),446400
AP-30H8220,5년,방문관리/4개월,446400
AP-30H8220,5년,방문관리/2개월,446400
AP-30H8220,5년,방문관리/4개월(타사보상),446400
AP-30H8220,5년,방문관리/2개월(타사보상),446400
AP-40H8220,3년,방문관리/4개월,459000
AP-40H8220,3년,방문관리/2개월,459000
AP-40H8220,3년,방문관리/4개월(타사보상),459000
AP-40H8220,3년,방문관리/2개월(타사보상),459000
AP-40H8220,5년,방문관리/4개월,459000
AP-40H8220,5년,방문관리/2개월,459000
AP-40H8220,5년,방문관리/4개월(타사보상),459000
AP-40H8220,5년,방문관리/2개월(타사보상),459000
AP-25H8150,3년,방문관리/4개월,261000
AP-25H8150,3년,방문관리/4개월(타사보상),261000
AP-25H8150,3년,자가관리,261000
AP-25H8150,3년,자가관리(타사보상),261000
AP-25H8150,5년,방문관리/4개월,336600
AP-25H8150,5년,방문관리/4개월(타사보상),336600
AP-25H8150,5년,자가관리,336600
AP-25H8150,5년,자가관리(타사보상),336600
AP-25H8150,6년,방문관리/4개월,351000
AP-25H8150,6년,방문관리/4개월(타사보상),351000
AP-25H8150,6년,자가관리,351000
AP-25H8150,6년,자가관리(타사보상),351000
AP-10H4052,3년,자가관리,198900
AP-10H4052,3년,방문관리/4개월,198900
AP-10H4052,3년,자가관리(타사보상),198900
AP-10H4052,3년,방문관리/4개월(타사보상),198900
AP-10H4052,5년,자가관리,228150
AP-10H4052,5년,방문관리/4개월,228150
AP-10H4052,5년,자가관리(타사보상),228150
AP-10H4052,5년,방문관리/4개월(타사보상),228150
AP-30H8350,3년,방문관리/4개월,267300
AP-30H8350,3년,방문관리/4개월(타사보상),267300
AP-30H8350,3년,자가관리,267300
AP-30H8350,3년,자가관리(타사보상),267300
AP-30H8350,5년,방문관리/4개월,267300
AP-30H8350,5년,방문관리/4개월(타사보상),267300
AP-30H8350,5년,자가관리,267300
AP-30H8350,5년,자가관리(타사보상),267300
AP-30H8350,6년,방문관리/4개월,282150
AP-30H8350,6년,방문관리/4개월(타사보상),282150
AP-30H8350,6년,자가관리,282150
AP-30H8350,6년,자가관리(타사보상),282150
AP-10H4553,3년,방문관리/2개월,193320
AP-10H4553,3년,방문관리/2개월(타사보상),193320
AP-10H4553,3년,자가관리,193320
AP-10H4553,3년,방문관리/4개월,193320
AP-10H4553,3년,자가관리(타사보상),193320
AP-10H4553,5년,방문관리/2개월,239400
AP-10H4553,5년,방문관리/2개월(타사보상),239400
AP-10H4553,5년,자가관리,239400
AP-10H4553,5년,방문관리/4개월,239400
AP-10H4553,5년,자가관리(타사보상),239400
AP-15H5174,3년,방문관리/4개월,264600
AP-15H5174,3년,방문관리/2개월,264600
AP-15H5174,3년,방문관리/4개월(타사보상),264600
AP-15H5174,3년,방문관리/2개월(타사보상),264600
AP-15H5174,3년,자가관리,264600
AP-15H5174,3년,자가관리(타사보상),264600
AP-15H5174,5년,방문관리/4개월,264600
AP-15H5174,5년,방문관리/2개월,264600
AP-15H5174,5년,방문관리/4개월(타사보상),264600
AP-15H5174,5년,방문관리/2개월(타사보상),264600
AP-15H5174,5년,자가관리,264600
AP-15H5174,5년,자가관리(타사보상),264600
AP-15H5174,6년,방문관리/4개월,264600
AP-15H5174,6년,방문관리/2개월,264600
AP-15H5174,6년,방문관리/4개월(타사보상),264600
AP-15H5174,6년,방문관리/2개월(타사보상),264600
AP-15H5174,6년,자가관리,264600
AP-15H5174,6년,자가관리(타사보상),264600
AV-06H3050,3년,방문관리/4개월,146448
AV-06H3050,3년,방문관리/4개월(타사보상),146448
AV-06H3050,4년,방문관리/4개월,152604
AV-06H3050,4년,방문관리/4개월(타사보상),152604
BD-36D50,3년,방문관리/8개월,118800
BD-36D50,3년,방문관리/4개월,118800
BD-36D50,3년,방문관리/8개월(타사보상),118800
BD-36D50,3년,방문관리/4개월(타사보상),118800
BD-36D50,4년,방문관리/8개월,123300
BD-36D50,4년,방문관리/4개월,123300
BD-36D50,4년,방문관리/8개월(타사보상),123300
BD-36D50,4년,방문관리/4개월(타사보상),123300
BD-36D50,5년,방문관리/8개월,141300
BD-36D50,5년,방문관리/4개월,141300
BD-36D50,5년,방문관리/8개월(타사보상),141300
BD-36D50,5년,방문관리/4개월(타사보상),141300
BD-36D50,6년,방문관리/8개월,145800
BD-36D50,6년,방문관리/4개월,145800
BD-36D50,6년,방문관리/8개월(타사보상),145800
BD-36D50,6년,방문관리/4개월(타사보상),145800
BS-65D70,3년,방문관리/4개월,147600
BS-65D70,3년,방문관리/4개월(타사보상),147600
BS-65D70,3년,방문관리/8개월,147600
BS-65D70,3년,방문관리/8개월(타사보상),147600
BS-65D70,4년,방문관리/4개월,197100
BS-65D70,4년,방문관리/4개월(타사보상),197100
BS-65D70,4년,방문관리/8개월,197100
BS-65D70,4년,방문관리/8개월(타사보상),197100
BS-65D70,5년,방문관리/4개월,197100
BS-65D70,5년,방문관리/4개월(타사보상),197100
BS-65D70,5년,방문관리/8개월,197100
BS-65D70,5년,방문관리/8개월(타사보상),197100
BS-65D70,6년,방문관리/4개월,233100
BS-65D70,6년,방문관리/4개월(타사보상),233100
BS-65D70,6년,방문관리/8개월,233100
BS-65D70,6년,방문관리/8개월(타사보상),233100
BD-35D51,3년,방문관리/4개월,106200
BD-35D51,4년,방문관리/4개월,106200
BD-36D60,3년,기본,124200
BD-36D60,4년,기본,128700
BD-36D60,5년,기본,146700
BD-36D60,6년,기본,151200
BD-35D72,3년,기본,135000
BD-35D72,4년,기본,135000
BD-35D72,5년,기본,118800
BD-35D50R,3년,방문관리/4개월,135000
BD-35D50R,3년,방문관리/4개월(타사보상),135000
BD-35D50R,4년,방문관리/4개월,135000
BD-35D50R,4년,방문관리/4개월(타사보상),135000
BD-40D60,3년,방문관리/4개월,132300
BD-40D60,3년,방문관리/8개월,132300
BD-40D60,3년,방문관리/4개월(타사보상),132300
BD-40D60,3년,방문관리/8개월(타사보상),132300
BD-40D60,4년,방문관리/4개월,132300
BD-40D60,4년,방문관리/8개월,132300
BD-40D60,4년,방문관리/4개월(타사보상),132300
BD-40D60,4년,방문관리/8개월(타사보상),132300
BD-40D60,5년,방문관리/4개월,132300
BD-40D60,5년,방문관리/8개월,132300
BD-40D60,5년,방문관리/4개월(타사보상),132300
BD-40D60,5년,방문관리/8개월(타사보상),132300
William J 매트리스 K,5년,기본,226800
William J 매트리스 K,6년,기본,264600
네스티지 매트리스 K,5년,기본,309600
네스티지 매트리스 K,6년,기본,318600
듀얼 드림 매트리스 K,5년,기본,183600
듀얼 드림 매트리스 K,6년,기본,241200
듀얼 드림 온열 매트리스 K,5년,기본,210600
듀얼 드림 온열 매트리스 K,6년,기본,233100
듀얼 코지 매트리스 K,5년,기본,183600
듀얼 코지 매트리스 K,6년,기본,241200
듀얼 코지 온열 매트리스 K,5년,기본,210600
듀얼 코지 온열 매트리스 K,6년,기본,233100
로얄스위트 프라임 매트리스 K,5년,기본,249300
로얄스위트 프라임 매트리스 K,6년,기본,271800
멜로우 드림 매트리스 K,5년,기본,192600
멜로우 드림 매트리스 K,6년,기본,210600
William J 매트리스 LK,5년,기본,237600
William J 매트리스 LK,6년,기본,277200
네스티지 매트리스 LK,5년,기본,325800
네스티지 매트리스 LK,6년,기본,334800
듀얼 드림 매트리스 LK,5년,기본,199800
듀얼 드림 매트리스 LK,6년,기본,260100
듀얼 드림 온열 매트리스 LK,5년,기본,232200
듀얼 드림 온열 매트리스 LK,6년,기본,250200
듀얼 코지 매트리스 LK,5년,기본,199800
듀얼 코지 매트리스 LK,6년,기본,260100
듀얼 코지 온열 매트리스 LK,5년,기본,232200
듀얼 코지 온열 매트리스 LK,6년,기본,250200
로얄스위트 프라임 매트리스 LK,5년,기본,266400
로얄스위트 프라임 매트리스 LK,6년,기본,288900
멜로우 드림 매트리스 LK,5년,기본,198900
멜로우 드림 매트리스 LK,6년,기본,221400
William J 매트리스 Q,5년,기본,205200
William J 매트리스 Q,6년,기본,239400
네스티지 매트리스 Q,5년,기본,288000
네스티지 매트리스 Q,6년,기본,301500
듀얼 드림 매트리스 Q,5년,기본,167400
듀얼 드림 매트리스 Q,6년,기본,222300
듀얼 드림 온열 매트리스 Q,5년,기본,204300
듀얼 드림 온열 매트리스 Q,6년,기본,222300
듀얼 코지 매트리스 Q,5년,기본,167400
듀얼 코지 매트리스 Q,6년,기본,217800
듀얼 코지 온열 매트리스 Q,5년,기본,204300
듀얼 코지 온열 매트리스 Q,6년,기본,222300
로얄스위트 프라임 매트리스 Q,5년,기본,243000
로얄스위트 프라임 매트리스 Q,6년,기본,261000
멜로우 드림 매트리스 Q,5년,기본,180900
멜로우 드림 매트리스 Q,6년,기본,198900
온리 드림 매트리스 Q,5년,기본,151200
온리 드림 매트리스 Q,6년,기본,187200
온리 드림 매트리스 S,5년,기본,124200
온리 드림 매트리스 S,6년,기본,160200
William J 매트리스 SS,5년,기본,199800
William J 매트리스 SS,6년,기본,233100
네스티지 매트리스 SS,5년,기본,261000
네스티지 매트리스 SS,6년,기본,283500
듀얼 드림 매트리스 SS,5년,기본,151200
듀얼 드림 매트리스 SS,6년,기본,203400
듀얼 드림 온열 매트리스 SS,5년,기본,191700
듀얼 드림 온열 매트리스 SS,6년,기본,209700
듀얼 코지 매트리스 SS,5년,기본,151200
듀얼 코지 매트리스 SS,6년,기본,198900
듀얼 코지 온열 매트리스 SS,5년,기본,191700
듀얼 코지 온열 매트리스 SS,6년,기본,209700
로얄스위트 프라임 매트리스 SS,5년,기본,231300
로얄스위트 프라임 매트리스 SS,6년,기본,249300
멜로우 드림 매트리스 SS,5년,기본,168300
멜로우 드림 매트리스 SS,6년,기본,186300
온리 드림 매트리스 SS,5년,기본,135000
온리 드림 매트리스 SS,6년,기본,171000
안마의자 MC-700W,5년,기본,237600
WP-50C80621N,3년,자가관리,216000
WP-50C80621N,3년,방문관리/4개월,216000
WP-50C80621N,3년,자가관리(타사보상),216000
WP-50C80621N,3년,방문관리/4개월(타사보상),216000
WP-50C80621N,5년,자가관리,274500
WP-50C80621N,5년,방문관리/4개월,274500
WP-50C80621N,5년,자가관리(타사보상),274500
WP-50C80621N,5년,방문관리/4개월(타사보상),274500
WP-50C80621N,6년,자가관리,288000
WP-50C80621N,6년,방문관리/4개월,288000
WP-50C80621N,6년,자가관리(타사보상),288000
WP-50C80621N,6년,방문관리/4개월(타사보상),288000
WP-30C8460N,3년,자가관리,81000
WP-30C8460N,5년,자가관리,90000
WP-60C80511M,3년,방문관리/4개월,329670
WP-60C80511M,3년,방문관리/2개월,329670
WP-60C80511M,3년,방문관리/4개월(타사보상),329670
WP-60C80511M,3년,방문관리/2개월(타사보상),329670
WP-60C80511M,5년,방문관리/4개월,299376
WP-60C80511M,5년,방문관리/2개월,299376
WP-60C80511M,5년,방문관리/4개월(타사보상),299376
WP-60C80511M,5년,방문관리/2개월(타사보상),299376
프레임 FBT (패브릭 템바보드 프레임) K,5년,기본,124200
프레임 FBT (패브릭 템바보드 프레임) K,6년,기본,124200
프레임 FC (쿠션형 헤드보드) K,5년,기본,124200
프레임 FC (쿠션형 헤드보드) K,6년,기본,124200
프레임 FH (호텔식 패브릭) K,5년,기본,135000
프레임 FH (호텔식 패브릭) K,6년,기본,135000
프레임 FH (호텔식 패브릭) K - 더블 판넬,5년,기본,168750
프레임 FH (호텔식 패브릭) K - 더블 판넬,6년,기본,168750
프레임 FH (호텔식 패브릭) K - 싱글 판넬,5년,기본,157500
프레임 FH (호텔식 패브릭) K - 싱글 판넬,6년,기본,157500
프레임 WB (패브릭 원목) K,5년,기본,129600
프레임 WB (패브릭 원목) K,6년,기본,129600
스프링에어 파운데이션 (G) K,5년,기본,59400
스프링에어 파운데이션 (G) K,6년,기본,59400
스프링에어 파운데이션 K,5년,기본,59400
스프링에어 파운데이션 K,6년,기본,59400
스프링에어 프레임 FB (패브릭 볼륨헤드) K,5년,기본,156600
스프링에어 프레임 FB (패브릭 볼륨헤드) K,6년,기본,156600
스프링에어 프레임 FG (쿠션 날개형) K,5년,기본,167400
스프링에어 프레임 FG (쿠션 날개형) K,6년,기본,167400
스프링에어 프레임 FT (미니멀 템바보드) K,5년,기본,118800
스프링에어 프레임 FT (미니멀 템바보드) K,6년,기본,118800
스프링에어 프레임 FU (수납 쿠션) K,5년,기본,129600
스프링에어 프레임 FU (수납 쿠션) K,6년,기본,129600
프레임 FBT (패브릭 템바보드 프레임) LK,5년,기본,140400
프레임 FBT (패브릭 템바보드 프레임) LK,6년,기본,140400
프레임 FC (쿠션형 헤드보드) LK,5년,기본,140400
프레임 FC (쿠션형 헤드보드) LK,6년,기본,140400
프레임 FH (호텔식 패브릭) LK,5년,기본,151200
프레임 FH (호텔식 패브릭) LK,6년,기본,151200
프레임 FH (호텔식 패브릭) LK - 더블 판넬,5년,기본,189000
프레임 FH (호텔식 패브릭) LK - 더블 판넬,6년,기본,189000
프레임 FH (호텔식 패브릭) LK - 싱글 판넬,5년,기본,176400
프레임 FH (호텔식 패브릭) LK - 싱글 판넬,6년,기본,176400
프레임 FS (미니멀 프레임) LK,5년,기본,118800
프레임 FS (미니멀 프레임) LK,6년,기본,118800
프레임 FS (미니멀 프레임) LK - 더블 판넬,5년,기본,148500
프레임 FS (미니멀 프레임) LK - 더블 판넬,6년,기본,148500
프레임 FS (미니멀 프레임) LK - 싱글 판넬,5년,기본,138600
프레임 FS (미니멀 프레임) LK - 싱글 판넬,6년,기본,138600
프레임 WB (패브릭 원목) LK,5년,기본,145800
프레임 WB (패브릭 원목) LK,6년,기본,145800
스프링에어 프레임 FU (수납 쿠션) Q,5년,기본,118800
스프링에어 프레임 FU (수납 쿠션) Q,6년,기본,118800
프레임 FBT (패브릭 템바보드 프레임) Q,5년,기본,113400
프레임 FBT (패브릭 템바보드 프레임) Q,6년,기본,113400
프레임 FC (쿠션형 헤드보드) Q,5년,기본,113400
프레임 FC (쿠션형 헤드보드) Q,6년,기본,113400
프레임 FH (호텔식 패브릭) Q,5년,기본,124200
프레임 FH (호텔식 패브릭) Q,6년,기본,124200
프레임 FH (호텔식 패브릭) Q - 더블 판넬,5년,기본,155250
프레임 FH (호텔식 패브릭) Q - 더블 판넬,6년,기본,155250
프레임 FH (호텔식 패브릭) Q - 싱글 판넬,5년,기본,144900
프레임 FH (호텔식 패브릭) Q - 싱글 판넬,6년,기본,144900
프레임 FS (미니멀 프레임) Q,5년,기본,91800
프레임 FS (미니멀 프레임) Q,6년,기본,91800
프레임 FS (미니멀 프레임) Q - 더블 판넬,5년,기본,114750
프레임 FS (미니멀 프레임) Q - 더블 판넬,6년,기본,114750
프레임 FS (미니멀 프레임) Q - 싱글 판넬,5년,기본,107100
프레임 FS (미니멀 프레임) Q - 싱글 판넬,6년,기본,107100
프레임 WB (패브릭 원목) Q,5년,기본,118800
프레임 WB (패브릭 원목) Q,6년,기본,118800
스프링에어 파운데이션 (G) Q,5년,기본,54000
스프링에어 파운데이션 (G) Q,6년,기본,54000
스프링에어 파운데이션 Q,5년,기본,54000
스프링에어 파운데이션 Q,6년,기본,54000
스프링에어 프레임 FB (패브릭 볼륨헤드) Q,5년,기본,145800
스프링에어 프레임 FB (패브릭 볼륨헤드) Q,6년,기본,145800
스프링에어 프레임 FG (쿠션 날개형) Q,5년,기본,156600
스프링에어 프레임 FG (쿠션 날개형) Q,6년,기본,156600
스프링에어 프레임 FT (미니멀 템바보드) Q,5년,기본,108000
스프링에어 프레임 FT (미니멀 템바보드) Q,6년,기본,108000
프레임 FBT (패브릭 템바보드 프레임) S,5년,기본,91800
프레임 FBT (패브릭 템바보드 프레임) S,6년,기본,91800
프레임 FC (쿠션형 헤드보드) S,5년,기본,91800
프레임 FC (쿠션형 헤드보드) S,6년,기본,91800
프레임 FH (호텔식 패브릭) S,5년,기본,102600
프레임 FH (호텔식 패브릭) S,6년,기본,102600
프레임 FH (호텔식 패브릭) S - 더블 판넬,5년,기본,128250
프레임 FH (호텔식 패브릭) S - 더블 판넬,6년,기본,128250
프레임 FH (호텔식 패브릭) S - 싱글 판넬,5년,기본,119700
프레임 FH (호텔식 패브릭) S - 싱글 판넬,6년,기본,119700
프레임 FS (미니멀 프레임) K,5년,기본,102600
프레임 FS (미니멀 프레임) K,6년,기본,102600
프레임 FS (미니멀 프레임) K - 더블 판넬,5년,기본,128250
프레임 FS (미니멀 프레임) K - 더블 판넬,6년,기본,128250
프레임 FS (미니멀 프레임) K - 싱글 판넬,5년,기본,119700
프레임 FS (미니멀 프레임) K - 싱글 판넬,6년,기본,119700
프레임 FS (미니멀 프레임) S,5년,기본,64800
프레임 FS (미니멀 프레임) S,6년,기본,64800
프레임 FS (미니멀 프레임) S - 더블 판넬,5년,기본,81000
프레임 FS (미니멀 프레임) S - 더블 판넬,6년,기본,81000
프레임 FS (미니멀 프레임) S - 싱글 판넬,5년,기본,75600
프레임 FS (미니멀 프레임) S - 싱글 판넬,6년,기본,75600
프레임 WB (패브릭 원목) S,5년,기본,97200
프레임 WB (패브릭 원목) S,6년,기본,97200
스프링에어 프레임 FU (수납 쿠션) SS,5년,기본,108000
스프링에어 프레임 FU (수납 쿠션) SS,6년,기본,108000
프레임 FBT (패브릭 템바보드 프레임) SS,5년,기본,102600
프레임 FBT (패브릭 템바보드 프레임) SS,6년,기본,102600
프레임 FC (쿠션형 헤드보드) SS,5년,기본,102600
프레임 FC (쿠션형 헤드보드) SS,6년,기본,102600
프레임 FH (호텔식 패브릭) SS,5년,기본,113400
프레임 FH (호텔식 패브릭) SS,6년,기본,113400
프레임 FH (호텔식 패브릭) SS - 더블 판넬,5년,기본,141750
프레임 FH (호텔식 패브릭) SS - 더블 판넬,6년,기본,141750
프레임 FH (호텔식 패브릭) SS - 싱글 판넬,5년,기본,132300
프레임 FH (호텔식 패브릭) SS - 싱글 판넬,6년,기본,132300
프레임 FS (미니멀 프레임) SS,5년,기본,81000
프레임 FS (미니멀 프레임) SS,6년,기본,81000
프레임 FS (미니멀 프레임) SS - 더블 판넬,5년,기본,101250
프레임 FS (미니멀 프레임) SS - 더블 판넬,6년,기본,101250
프레임 FS (미니멀 프레임) SS - 싱글 판넬,5년,기본,94500
프레임 FS (미니멀 프레임) SS - 싱글 판넬,6년,기본,94500
프레임 WB (패브릭 원목) SS,5년,기본,108000
프레임 WB (패브릭 원목) SS,6년,기본,108000
스프링에어 파운데이션 (G) SS,5년,기본,48600
스프링에어 파운데이션 (G) SS,6년,기본,48600
스프링에어 파운데이션 SS,5년,기본,48600
스프링에어 파운데이션 SS,6년,기본,48600
스프링에어 프레임 FB (패브릭 볼륨헤드) SS,5년,기본,135000
스프링에어 프레임 FB (패브릭 볼륨헤드) SS,6년,기본,135000
스프링에어 프레임 FG (쿠션 날개형) SS,5년,기본,145800
스프링에어 프레임 FG (쿠션 날개형) SS,6년,기본,145800
스프링에어 프레임 FT (미니멀 템바보드) SS,5년,기본,97200
스프링에어 프레임 FT (미니멀 템바보드) SS,6년,기본,97200
CP-ABS100GWH/GP,3년,기본,301304
CP-ABS100GWH/GP,5년,기본,393516
CP-ABS100GWH/GP,6년,기본,400022
CP-ABS100GWH/GP,7년,기본,403228
CP-TS100WS/DSL/GWH/GPK,3년,자가관리,261683
CP-TS100WS/DSL/GWH/GPK,3년,방문관리/4개월,261683
CP-TS100WS/DSL/GWH/GPK,5년,자가관리,248562
CP-TS100WS/DSL/GWH/GPK,5년,방문관리/4개월,248562
CP-TS100WS/DSL/GWH/GPK,6년,자가관리,266273
CP-TS100WS/DSL/GWH/GPK,6년,방문관리/4개월,266273
CP-F603HW,3년,방문관리/4개월,105859
CP-F603HW,5년,방문관리/4개월,180471
CP-F603HW,6년,방문관리/4개월,175519
CP-AE502HW,3년,방문관리/4개월,115783
CP-AE502HW,5년,방문관리/4개월,117447
CP-AE502HW,6년,방문관리/4개월,122013
CP-W602HW,3년,방문관리/4개월,132147
CP-W602HW,4년,방문관리/4개월,144488
CP-W602HW,5년,방문관리/4개월,190143
CP-W602HW,6년,방문관리/4개월,198729
CP-W601HW,3년,방문관리/4개월,137596
CP-W601HW,4년,방문관리/4개월,154413
CP-W601HW,5년,방문관리/4개월,199813
CP-WS601HW,3년,방문관리/4개월,144512
CP-WS601HW,4년,방문관리/4개월,161874
CP-WS601HW,5년,방문관리/4개월,209484
CP-WR602HW,3년,방문관리/4개월,150020
CP-WR602HW,5년,방문관리/4개월,222381
CP-F603SW,3년,방문관리/4개월,105859
CP-F603SW,5년,방문관리/4개월,180471
CP-F603SW,6년,방문관리/4개월,175519
CP-X501SW,3년,방문관리/4개월,121232
CP-X501SW,5년,방문관리/4개월,183450
CP-W602SW,3년,방문관리/4개월,137596
CP-W602SW,4년,방문관리/4개월,154413
CP-W602SW,5년,방문관리/4개월,199813
CP-W602SW,6년,방문관리/4개월,210335
CP-W601SW,3년,방문관리/4개월,144512
CP-W601SW,4년,방문관리/4개월,161874
CP-W601SW,5년,방문관리/4개월,209484
CP-WS601SW,3년,방문관리/4개월,150020
CP-WS601SW,4년,방문관리/4개월,169336
CP-WS601SW,5년,방문관리/4개월,222381
CP-WRP602SW,3년,방문관리/4개월,169097
CP-WRP602SW,5년,방문관리/4개월,242017
CP-DN1201S,3년,방문관리/4개월,216028
CP-DN1201S,3년,방문관리/2개월,216028
CP-DN1201S,5년,방문관리/4개월,306383
CP-DN1201S,5년,방문관리/2개월,306383
CP-QN3002S,3년,방문관리/4개월,210432
CP-QN3002S,4년,방문관리/4개월,219978
CP-QN3002S,5년,방문관리/4개월,292211
CP-QRP3002S,3년,방문관리/4개월,223622
CP-QRP3002S,5년,방문관리/4개월,316447
CP-AF1601SW,3년,방문관리/4개월,210432
CP-AF1601SW,3년,방문관리/2개월,210432
CP-AF1601SW,5년,방문관리/4개월,292211
CP-AF1601SW,5년,방문관리/2개월,292211
CP-AF1601SW,6년,방문관리/4개월,323745
CP-AF1601SW,6년,방문관리/2개월,323745
CP-AFRP1601SW,3년,방문관리/2개월,255335
CP-AFRP1601SW,3년,방문관리/4개월,255335
CP-AFRP1601SW,5년,방문관리/2개월,370191
CP-AFRP1601SW,5년,방문관리/4개월,370191
CP-AFRP1601SW,6년,방문관리/2개월,412857
CP-AFRP1601SW,6년,방문관리/4개월,412857
CP-AQS100EWH,3년,자가관리,341398
CP-AQS100EWH,3년,방문관리/4개월,341398
CP-AQS100EWH,3년,자가관리(타사보상),341398
CP-AQS100EWH,3년,방문관리/4개월(타사보상),341398
CP-AQS100EWH,5년,자가관리,493139
CP-AQS100EWH,5년,방문관리/4개월,493139
CP-AQS100EWH,5년,자가관리(타사보상),493139
CP-AQS100EWH,5년,방문관리/4개월(타사보상),493139
CP-AQS100EWH,6년,자가관리,484788
CP-AQS100EWH,6년,방문관리/4개월,484788
CP-AQS100EWH,6년,자가관리(타사보상),484788
CP-AQS100EWH,6년,방문관리/4개월(타사보상),484788
CP-AQS100EWH,7년,자가관리,482714
CP-AQS100EWH,7년,방문관리/4개월,482714
CP-AQS100EWH,7년,자가관리(타사보상),482714
CP-AQS100EWH,7년,방문관리/4개월(타사보상),482714
CP-ACS1610SNW,3년,방문관리/4개월,427410
CP-ACS1610SNW,5년,방문관리/4개월,597370
CP-ACSR1620SW,3년,방문관리/4개월,434349
CP-ACSR1620SW,5년,방문관리/4개월,607842
CP-AJS821SW,3년,방문관리/4개월,312255
CP-AJS821SW,3년,방문관리/2개월,312255
CP-AJS821SW,3년,방문관리/4개월(타사보상),312255
CP-AJS821SW,3년,방문관리/2개월(타사보상),312255
CP-AJS821SW,5년,방문관리/4개월,454611
CP-AJS821SW,5년,방문관리/2개월,454611
CP-AJS821SW,5년,방문관리/4개월(타사보상),454611
CP-AJS821SW,5년,방문관리/2개월(타사보상),454611
CP-AJS821SW,6년,방문관리/4개월,477134
CP-AJS821SW,6년,방문관리/2개월,477134
CP-AJS821SW,6년,방문관리/4개월(타사보상),477134
CP-AJS821SW,6년,방문관리/2개월(타사보상),477134
CP-U011W/B,3년,자가관리,81595
CP-U011W/B,3년,방문관리/8개월,81595
CP-U011W/B,4년,자가관리,99254
CP-U011W/B,4년,방문관리/8개월,99254
CP-U011W/B,5년,자가관리,114487
CP-U011W/B,5년,방문관리/8개월,114487
CP-AKS011EG/EP/GB,3년,자가관리,110334
CP-AKS011EG/EP/GB,3년,방문관리/8개월,110334
CP-AKS011EG/EP/GB,5년,자가관리,154437
CP-AKS011EG/EP/GB,5년,방문관리/8개월,154437
CP-AKS011EG/EP/GB,6년,자가관리,162159
CP-AKS011EG/EP/GB,6년,방문관리/8개월,162159
CP-AK011EG/EP/GB,3년,기본,97677
CP-AK011EG/EP/GB,5년,기본,133632
CP-AK011EG/EP/GB,6년,기본,139185
CP-AD011UGW,3년,자가관리,81595
CP-AD011UGW,5년,자가관리,124060
AC-09AA10FWH,3년,방문관리/4개월,150564
AC-09AA10FWH,5년,방문관리/4개월,199731
AC-12R10FNW,3년,자가관리,128688
AC-12R10FNW,3년,방문관리/4개월,128688
AC-12R10FNW,5년,자가관리,145823
AC-12R10FNW,5년,방문관리/4개월,145823
AC-14R10FNW,3년,자가관리,137211
AC-14R10FNW,3년,방문관리/4개월,137211
AC-14R10FNW,5년,자가관리,157775
AC-14R10FNW,5년,방문관리/4개월,157775
AC-14L10FEW,3년,방문관리/4개월,143887
AC-14L10FEW,3년,자가관리,143887
AC-14L10FEW,5년,방문관리/4개월,168264
AC-14L10FEW,5년,자가관리,168264
AC-17T10FWH,3년,자가관리,150564
AC-17T10FWH,3년,방문관리/4개월,150564
AC-17T10FWH,4년,자가관리,161874
AC-17T10FWH,4년,방문관리/4개월,161874
AC-17T10FWH,5년,자가관리,178753
AC-17T10FWH,5년,방문관리/4개월,178753
AC-20T10FWH,3년,자가관리,158707
AC-20T10FWH,3년,방문관리/4개월,158707
AC-20T10FWH,4년,자가관리,169336
AC-20T10FWH,4년,방문관리/4개월,169336
AC-20T10FWH,5년,자가관리,189243
AC-20T10FWH,5년,방문관리/4개월,189243
AC-23AH10FNW,3년,방문관리/4개월,224317
AC-23AH10FNW,3년,자가관리,224317
AC-23AH10FNW,5년,방문관리/4개월,279758
AC-23AH10FNW,5년,자가관리,279758
AC-23AH10FNW,6년,방문관리/4개월,287299
AC-23AH10FNW,6년,자가관리,287299
AC-25W10FWS,3년,자가관리,150564
AC-25W10FWS,3년,방문관리/4개월,150564
AC-25W10FWS,4년,자가관리,193910
AC-25W10FWS,4년,방문관리/4개월,193910
AC-25W10FWS,5년,자가관리,210221
AC-25W10FWS,5년,방문관리/4개월,210221
AC-28W10FWS,3년,자가관리,199188
AC-28W10FWS,3년,방문관리/4개월,199188
AC-28W10FWS,4년,자가관리,207483
AC-28W10FWS,4년,방문관리/4개월,207483
AC-28W10FWS,5년,자가관리,248505
AC-28W10FWS,5년,방문관리/4개월,248505
AC-28AH10FNW,3년,자가관리,205329
AC-28AH10FNW,3년,방문관리/4개월,205329
AC-28AH10FNW,5년,자가관리,260543
AC-28AH10FNW,5년,방문관리/4개월,260543
AC-28AH10FNW,6년,자가관리,265633
AC-28AH10FNW,6년,방문관리/4개월,265633
AC-28AH10GNW,3년,방문관리/4개월,205329
AC-28AH10GNW,3년,자가관리,205329
AC-28AH10GNW,5년,방문관리/4개월,260543
AC-28AH10GNW,5년,자가관리,260543
AC-28AH10GNW,6년,방문관리/4개월,265633
AC-28AH10GNW,6년,자가관리,265633
AC-35U10FWS,3년,자가관리,225763
AC-35U10FWS,3년,방문관리/4개월,225763
AC-35U10FWS,5년,자가관리,289526
AC-35U10FWS,5년,방문관리/4개월,289526
AC-35U20FWGE,3년,방문관리/4개월,251847
AC-35U20FWGE,3년,자가관리,251847
AC-35U20FWGE,5년,방문관리/4개월,327247
AC-35U20FWGE,5년,자가관리,327247
AC-40AB10FNW,3년,자가관리,299510
AC-40AB10FNW,3년,방문관리/4개월,299510
AC-40AB10FNW,5년,자가관리,375831
AC-40AB10FNW,5년,방문관리/4개월,375831
AC-40AB10FNW,6년,자가관리,392022
AC-40AB10FNW,6년,방문관리/4개월,392022
CBT-G1031W,3년,방문관리/4개월,48789
CBT-G1031W,3년,자가관리,48789
CBT-G1031W,5년,방문관리/4개월,76196
CBT-G1031W,5년,자가관리,76196
CBT-G3031W,3년,자가관리,64694
CBT-G3031W,3년,방문관리/6개월,64694
CBT-G3031W,4년,자가관리,84723
CBT-G3031W,4년,방문관리/6개월,84723
CBT-L1031W,3년,자가관리,59392
CBT-L1031W,3년,방문관리/6개월,59392
CBT-L1031W,4년,자가관리,77457
CBT-L1031W,4년,방문관리/6개월,77457
CBT-L1031W,5년,자가관리,111705
CBT-L1031W,5년,방문관리/6개월,111705
CBT-L1032W,3년,방문관리/6개월,59392
CBT-L1032W,3년,자가관리,59392
CBT-L1032W,4년,방문관리/6개월,77457
CBT-L1032W,4년,자가관리,77457
CBT-L1032W,5년,방문관리/6개월,111705
CBT-L1032W,5년,자가관리,111705
CBT-E1021W,3년,방문관리/4개월,76234
CBT-E1021W,4년,방문관리/4개월,117540
CBT-E1021W,5년,방문관리/4개월,141119
CBT-IS1031W,3년,자가관리,76234
CBT-IS1031W,3년,방문관리/6개월,76234
CBT-IS1031W,4년,자가관리,117540
CBT-IS1031W,4년,방문관리/6개월,117540
CBT-IS1031W,5년,자가관리,157482
CBT-IS1031W,5년,방문관리/6개월,157482
CBT-IS1031RW,3년,자가관리,81595
CBT-IS1031RW,3년,방문관리/6개월,81595
CBT-IS1031RW,4년,자가관리,127282
CBT-IS1031RW,4년,방문관리/6개월,127282
CBT-IS1031RW,5년,자가관리,168282
CBT-IS1031RW,5년,방문관리/6개월,168282
CBT-KFFS31RW,3년,자가관리,81595
CBT-KFFS31RW,3년,방문관리/6개월,81595
CBT-KFFS31RW,3년,자가관리(타사보상),81595
CBT-KFFS31RW,3년,방문관리/6개월(타사보상),81595
CBT-KFFS31RW,4년,자가관리,127282
CBT-KFFS31RW,4년,방문관리/6개월,127282
CBT-KFFS31RW,4년,자가관리(타사보상),127282
CBT-KFFS31RW,4년,방문관리/6개월(타사보상),127282
CBT-KFFS31RW,5년,자가관리,168282
CBT-KFFS31RW,5년,방문관리/6개월,168282
CBT-KFFS31RW,5년,자가관리(타사보상),168282
CBT-KFFS31RW,5년,방문관리/6개월(타사보상),168282
CBT-QSB1041W,3년,자가관리,98370
CBT-QSB1041W,3년,방문관리/4개월,98370
CBT-QSB1041W,3년,자가관리(타사보상),98370
CBT-QSB1041W,3년,방문관리/4개월(타사보상),98370
CBT-QSB1041W,4년,자가관리,152433
CBT-QSB1041W,4년,방문관리/4개월,152433
CBT-QSB1041W,4년,자가관리(타사보상),152433
CBT-QSB1041W,4년,방문관리/4개월(타사보상),152433
CBT-QSB1041W,5년,자가관리,199629
CBT-QSB1041W,5년,방문관리/4개월,199629
CBT-QSB1041W,5년,자가관리(타사보상),199629
CBT-QSB1041W,5년,방문관리/4개월(타사보상),199629
CBT-QS1041RW,3년,자가관리,93232
CBT-QS1041RW,3년,방문관리/4개월,93232
CBT-QS1041RW,4년,자가관리,144321
CBT-QS1041RW,4년,방문관리/4개월,144321
CBT-QS1041RW,5년,자가관리,189457
CBT-QS1041RW,5년,방문관리/4개월,189457
CBT-PFF31RW,3년,자가관리,81595
CBT-PFF31RW,3년,방문관리/6개월,81595
CBT-PFF31RW,3년,자가관리(타사보상),81595
CBT-PFF31RW,3년,방문관리/6개월(타사보상),81595
CBT-PFF31RW,4년,자가관리,127282
CBT-PFF31RW,4년,방문관리/6개월,127282
CBT-PFF31RW,4년,자가관리(타사보상),127282
CBT-PFF31RW,4년,방문관리/6개월(타사보상),127282
CBT-PFF31RW,5년,자가관리,168282
CBT-PFF31RW,5년,방문관리/6개월,168282
CBT-PFF31RW,5년,자가관리(타사보상),168282
CBT-PFF31RW,5년,방문관리/6개월(타사보상),168282
CBT-QSF1041W,3년,방문관리/4개월,93232
CBT-QSF1041W,3년,방문관리/4개월(타사보상),93232
CBT-QSF1041W,3년,자가관리,93232
CBT-QSF1041W,3년,자가관리(타사보상),93232
CBT-QSF1041W,4년,방문관리/4개월,144321
CBT-QSF1041W,4년,방문관리/4개월(타사보상),144321
CBT-QSF1041W,4년,자가관리,144321
CBT-QSF1041W,4년,자가관리(타사보상),144321
CBT-QSF1041W,5년,방문관리/4개월,189457
CBT-QSF1041W,5년,방문관리/4개월(타사보상),189457
CBT-QSF1041W,5년,자가관리,189457
CBT-QSF1041W,5년,자가관리(타사보상),189457
CBT-QF1041W,3년,방문관리/4개월,86956
CBT-QF1041W,3년,자가관리,86956
CBT-QF1041W,4년,방문관리/4개월,135853
CBT-QF1041W,4년,자가관리,135853
CBT-QF1041W,5년,방문관리/4개월,180643
CBT-QF1041W,5년,자가관리,180643
WPU-B600F,3년,방문관리/4개월,179181
WPU-B600F,5년,방문관리/4개월,179181
WPU-B600F,6년,방문관리/4개월,179181
WPU-B610F,3년,방문관리/4개월,244636
WPU-B610F,5년,방문관리/4개월,244636
WPU-B610F,6년,방문관리/4개월,244636
WPU-IC110F,3년,방문관리/4개월,237272
WPU-IC110F,3년,방문관리/2개월,237272
WPU-IC110F,5년,방문관리/4개월,307636
WPU-IC110F,5년,방문관리/2개월,307636
WPU-PBC204S,3년,셀프관리,81000
WPU-PBC204S,3년,방문관리/4개월,81000
WPU-PBC204S,3년,셀프관리(타사보상),81000
WPU-PBC204S,3년,방문관리/4개월(타사보상),81000
WPU-PBC204S,5년,셀프관리,81000
WPU-PBC204S,5년,방문관리/4개월,81000
WPU-PBC204S,5년,셀프관리(타사보상),81000
WPU-PBC204S,5년,방문관리/4개월(타사보상),81000
WPU-PBC204S,6년,셀프관리,81000
WPU-PBC204S,6년,방문관리/4개월,81000
WPU-PBC204S,6년,셀프관리(타사보상),81000
WPU-PBC204S,6년,방문관리/4개월(타사보상),81000
WPU-PBC204S,7년,셀프관리,81000
WPU-PBC204S,7년,방문관리/4개월,81000
WPU-PBC204S,7년,셀프관리(타사보상),81000
WPU-PBC204S,7년,방문관리/4개월(타사보상),81000
ACL-131T,3년,셀프관리,43200
ACL-131T,4년,셀프관리,39927
ACL-131T,5년,셀프관리,36654
ACL-15C1A,3년,셀프관리,124854
ACL-15C1A,3년,방문관리/4개월,124854
ACL-15C1A,4년,셀프관리,123218
ACL-15C1A,4년,방문관리/4개월,123218
ACL-15C1A,5년,셀프관리,111763
ACL-15C1A,5년,방문관리/4개월,111763
ACL-15C1A,6년,셀프관리,108490
ACL-15C1A,6년,방문관리/4개월,108490
ACL-15C1A,7년,셀프관리,106854
ACL-15C1A,7년,방문관리/4개월,106854
ACL-20C1A,3년,셀프관리,172227
ACL-20C1A,3년,방문관리/4개월,172227
ACL-20C1A,4년,셀프관리,170590
ACL-20C1A,4년,방문관리/4개월,170590
ACL-20C1A,5년,셀프관리,159136
ACL-20C1A,5년,방문관리/4개월,159136
ACL-20C1A,6년,셀프관리,155863
ACL-20C1A,6년,방문관리/4개월,155863
ACL-20C1A,7년,셀프관리,154227
ACL-20C1A,7년,방문관리/4개월,154227
ACL-25C1A,3년,셀프관리,183927
ACL-25C1A,3년,방문관리/4개월,183927
ACL-25C1A,4년,셀프관리,182290
ACL-25C1A,4년,방문관리/4개월,182290
ACL-25C1A,5년,셀프관리,170836
ACL-25C1A,5년,방문관리/4개월,170836
ACL-25C1A,6년,셀프관리,167563
ACL-25C1A,6년,방문관리/4개월,167563
ACL-25C1A,7년,셀프관리,165927
ACL-25C1A,7년,방문관리/4개월,165927
BID-096P,3년,방문관리/4개월,159218
HQPD11CC0G,3년,자가관리,262800
HQPD11CC0G,3년,방문관리/6개월,262800
HQPD11CC0G,5년,자가관리,383400
HQPD11CC0G,5년,방문관리/6개월,383400
HQPD11CC0G,6년,자가관리,369900
HQPD11CC0G,6년,방문관리/6개월,369900
HQPD11CC0G,7년,자가관리,369900
HQPD11CC0G,7년,방문관리/6개월,369900
HQPG30CW0E,3년,방문관리/4개월,182700
HQPG30CW0E,5년,방문관리/4개월,284400
HQPG30CW0E,6년,방문관리/4개월,262800
P-A52C,3년,방문관리/4개월,220500
P-A52C,5년,방문관리/4개월,315000
P-A52C,6년,방문관리/4개월,324000
P-P32CS,3년,방문관리/4개월,171000
P-P32CS,5년,방문관리/4개월,171000
P-P32CS,6년,방문관리/4개월,171000
HQPG30SW0E,3년,방문관리/4개월,184500
HQPG30SW0E,5년,방문관리/4개월,291600
HQPG30SW0E,6년,방문관리/4개월,270000
P-A52S,3년,방문관리/4개월,220500
P-A52S,5년,방문관리/4개월,315000
P-A52S,6년,방문관리/4개월,324000
P-P32SS,3년,방문관리/4개월,171000
P-P32SS,5년,방문관리/4개월,171000
P-P32SS,6년,방문관리/4개월,171000
P-R40SS,3년,방문관리/4개월,234000
P-R40SS,5년,방문관리/4개월,234000
P-R40SS,6년,방문관리/4개월,234000
HQPA70SW0G,3년,기본,279000
HQPA70SW0G,5년,기본,567000
P-M15CB,3년,셀프관리,54000
P-M15CB,3년,방문관리/6개월,54000
P-M15CB,5년,셀프관리,27000
P-M15CB,5년,방문관리/6개월,27000
HQPM15C,3년,자가관리,24300
HQPM15C,3년,방문관리/4개월,24300
HQPM15C,5년,자가관리,74700
HQPM15C,5년,방문관리/4개월,74700
HQPM15C,6년,자가관리,83700
HQPM15C,6년,방문관리/4개월,83700
A-T12DW0B,3년,셀프관리,162000
A-T12DW0B,3년,방문관리/6개월,162000
A-T12DW0B,5년,셀프관리,162000
A-T12DW0B,5년,방문관리/6개월,162000
A-T12DW0B,6년,셀프관리,126000
A-T12DW0B,6년,방문관리/6개월,126000
A-T11DW0B,3년,셀프관리,144000
A-T11DW0B,3년,방문관리/6개월,144000
A-T11DW0B,5년,셀프관리,144000
A-T11DW0B,5년,방문관리/6개월,144000
A-T11DW0B,6년,셀프관리,108000
A-T11DW0B,6년,방문관리/6개월,108000
HQAV10340F,3년,셀프관리,219600
HQAV10340F,3년,방문관리/4개월,219600
HQAV10340F,5년,셀프관리,277200
HQAV10340F,5년,방문관리/4개월,277200
HQAV10340F,6년,셀프관리,277200
HQAV10340F,6년,방문관리/4개월,277200
HQAA313W0F,3년,방문관리/6개월,252900
HQAA313W0F,4년,방문관리/6개월,433800
HQAA313W0F,5년,방문관리/6개월,474300
HQAB203E0F,3년,셀프관리,186300
HQAB203E0F,3년,방문관리/4개월,186300
HQAB203E0F,5년,셀프관리,311400
HQAB203E0F,5년,방문관리/4개월,311400
HQAB203E0F,6년,셀프관리,311400
HQAB203E0F,6년,방문관리/4개월,311400
HQAB303E0F,3년,셀프관리,256500
HQAB303E0F,3년,방문관리/4개월,256500
HQAB303E0F,5년,셀프관리,408600
HQAB303E0F,5년,방문관리/4개월,408600
HQAB303E0F,6년,셀프관리,408600
HQAB303E0F,6년,방문관리/4개월,408600
A-C102W,3년,셀프관리,99000
A-C102W,3년,방문관리/6개월,99000
A-C102W,5년,셀프관리,99000
A-C102W,5년,방문관리/6개월,99000
A-C102W,6년,셀프관리,99000
A-C102W,6년,방문관리/6개월,99000
HQBP530W0D,3년,자가관리,247500
HQBP530W0D,3년,방문관리/4개월,247500
HQBP530W0D,5년,자가관리,292500
HQBP530W0D,5년,방문관리/4개월,292500
HQBP530W0D,6년,자가관리,337500
HQBP530W0D,6년,방문관리/4개월,337500
HQBB100W1D,3년,자가관리,175500
HQBB100W1D,3년,방문관리/4개월,175500
HQBB100W1D,5년,자가관리,220500
HQBB100W1D,5년,방문관리/4개월,220500
B-L200W,3년,자가관리,144000
B-L200W,3년,방문관리/4개월,144000
B-L200W,5년,자가관리,144000
B-L200W,5년,방문관리/4개월,144000
HQBA300WBG,3년,기본,90000
HQBA300WBG,5년,기본,63000
WD524V(C/H/S),4년,기본,257072
WD524V(C/H/S),5년,기본,398781
WD524V(C/H/S),6년,기본,437481
WD523V(C/H/S/P/M),4년,기본,238172
WD523V(C/H/S/P/M),5년,기본,367363
WD523V(C/H/S/P/M),6년,기본,403936
WD520ACB,5년,자가관리,326290
WD520ACB,5년,방문관리/6개월,326290
WD520ACB,5년,자가관리(타사보상),326290
WD520ACB,5년,방문관리/6개월(타사보상),326290
WD520ACB,6년,자가관리,350100
WD520ACB,6년,방문관리/6개월,350100
WD520ACB,6년,자가관리(타사보상),350100
WD520ACB,6년,방문관리/6개월(타사보상),350100
WU523AS,4년,자가관리,253227
WU523AS,4년,방문관리/6개월,253227
WU523AS,4년,자가관리(타사보상),253227
WU523AS,4년,방문관리/6개월(타사보상),253227
WU523AS,5년,자가관리,365318
WU523AS,5년,방문관리/6개월,365318
WU523AS,5년,자가관리(타사보상),365318
WU523AS,5년,방문관리/6개월(타사보상),365318
WU523AS,6년,자가관리,399272
WU523AS,6년,방문관리/6개월,399272
WU523AS,6년,자가관리(타사보상),399272
WU523AS,6년,방문관리/6개월(타사보상),399272
WS513SH,4년,방문관리/6개월,286854
WS513SH,4년,방문관리/3개월,286854
WS513SH,4년,방문관리/6개월(타사보상),286854
WS513SH,4년,방문관리/3개월(타사보상),286854
WS513SH,5년,방문관리/6개월,252736
WS513SH,5년,방문관리/3개월,252736
WS513SH,5년,방문관리/6개월(타사보상),252736
WS513SH,5년,방문관리/3개월(타사보상),252736
WS513SH,6년,방문관리/6개월,274990
WS513SH,6년,방문관리/3개월,274990
WS513SH,6년,방문관리/6개월(타사보상),274990
WS513SH,6년,방문관리/3개월(타사보상),274990
WS511SH,4년,방문관리/6개월,238990
WS511SH,4년,방문관리/3개월,238990
WS511SH,4년,방문관리/6개월(타사보상),238990
WS511SH,4년,방문관리/3개월(타사보상),238990
WS511SH,5년,방문관리/6개월,207409
WS511SH,5년,방문관리/3개월,207409
WS511SH,5년,방문관리/6개월(타사보상),207409
WS511SH,5년,방문관리/3개월(타사보상),207409
WS511SH,6년,방문관리/6개월,220827
WS511SH,6년,방문관리/3개월,220827
WS511SH,6년,방문관리/6개월(타사보상),220827
WS511SH,6년,방문관리/3개월(타사보상),220827
AS195DWWAM,3년,방문관리/3개월(라이트플러스),216163
AS195DWWAM,3년,방문관리/6개월(라이트플러스),216163
AS195DWWAM,3년,자가관리,216163
AS195DWWAM,3년,방문관리/3개월(프리미엄),216163
AS195DWWAM,3년,방문관리/6개월(프리미엄),216163
AS195DWWAM,4년,방문관리/3개월(라이트플러스),229827
AS195DWWAM,4년,방문관리/6개월(라이트플러스),229827
AS195DWWAM,4년,자가관리,229827
AS195DWWAM,4년,방문관리/3개월(프리미엄),229827
AS195DWWAM,4년,방문관리/6개월(프리미엄),229827
AS195DWWAM,5년,방문관리/3개월(라이트플러스),247418
AS195DWWAM,5년,방문관리/6개월(라이트플러스),247418
AS195DWWAM,5년,자가관리,247418
AS195DWWAM,5년,방문관리/3개월(프리미엄),247418
AS195DWWAM,5년,방문관리/6개월(프리미엄),247418
AS195DWWAM,6년,방문관리/3개월(라이트플러스),263045
AS195DWWAM,6년,방문관리/6개월(라이트플러스),263045
AS195DWWAM,6년,자가관리,263045
AS195DWWAM,6년,방문관리/3개월(프리미엄),263045
AS195DWWAM,6년,방문관리/6개월(프리미엄),263045
AS305DWWAM,3년,방문관리/3개월(라이트플러스),263290
AS305DWWAM,3년,방문관리/6개월(라이트플러스),263290
AS305DWWAM,3년,자가관리,263290
AS305DWWAM,3년,방문관리/3개월(프리미엄),263290
AS305DWWAM,3년,방문관리/6개월(프리미엄),263290
AS305DWWAM,4년,방문관리/3개월(라이트플러스),280881
AS305DWWAM,4년,방문관리/6개월(라이트플러스),280881
AS305DWWAM,4년,자가관리,280881
AS305DWWAM,4년,방문관리/3개월(프리미엄),280881
AS305DWWAM,4년,방문관리/6개월(프리미엄),280881
AS305DWWAM,5년,방문관리/3개월(라이트플러스),301418
AS305DWWAM,5년,방문관리/6개월(라이트플러스),301418
AS305DWWAM,5년,자가관리,301418
AS305DWWAM,5년,방문관리/3개월(프리미엄),301418
AS305DWWAM,5년,방문관리/6개월(프리미엄),301418
AS305DWWAM,6년,방문관리/3개월(라이트플러스),321954
AS305DWWAM,6년,방문관리/6개월(라이트플러스),321954
AS305DWWAM,6년,자가관리,321954
AS305DWWAM,6년,방문관리/3개월(프리미엄),321954
AS305DWWAM,6년,방문관리/6개월(프리미엄),321954
AS235DWSAM,3년,방문관리/3개월(라이트플러스),260345
AS235DWSAM,3년,방문관리/6개월(라이트플러스),260345
AS235DWSAM,3년,자가관리,260345
AS235DWSAM,3년,방문관리/3개월(프리미엄),260345
AS235DWSAM,3년,방문관리/6개월(프리미엄),260345
AS235DWSAM,4년,방문관리/3개월(라이트플러스),280881
AS235DWSAM,4년,방문관리/6개월(라이트플러스),280881
AS235DWSAM,4년,자가관리,280881
AS235DWSAM,4년,방문관리/3개월(프리미엄),280881
AS235DWSAM,4년,방문관리/6개월(프리미엄),280881
AS235DWSAM,5년,방문관리/3개월(라이트플러스),301418
AS235DWSAM,5년,방문관리/6개월(라이트플러스),301418
AS235DWSAM,5년,자가관리,301418
AS235DWSAM,5년,방문관리/3개월(프리미엄),301418
AS235DWSAM,5년,방문관리/6개월(프리미엄),301418
AS235DWSAM,6년,방문관리/3개월(라이트플러스),321954
AS235DWSAM,6년,방문관리/6개월(라이트플러스),321954
AS235DWSAM,6년,자가관리,321954
AS235DWSAM,6년,방문관리/3개월(프리미엄),321954
AS235DWSAM,6년,방문관리/6개월(프리미엄),321954
AS285DWWAM,3년,방문관리/3개월(라이트플러스),251509
AS285DWWAM,3년,방문관리/6개월(라이트플러스),251509
AS285DWWAM,3년,자가관리,251509
AS285DWWAM,3년,방문관리/3개월(프리미엄),251509
AS285DWWAM,3년,방문관리/6개월(프리미엄),251509
AS285DWWAM,4년,방문관리/3개월(라이트플러스),273027
AS285DWWAM,4년,방문관리/6개월(라이트플러스),273027
AS285DWWAM,4년,자가관리,273027
AS285DWWAM,4년,방문관리/3개월(프리미엄),273027
AS285DWWAM,4년,방문관리/6개월(프리미엄),273027
AS285DWWAM,5년,방문관리/3개월(라이트플러스),291600
AS285DWWAM,5년,방문관리/6개월(라이트플러스),291600
AS285DWWAM,5년,자가관리,291600
AS285DWWAM,5년,방문관리/3개월(프리미엄),291600
AS285DWWAM,5년,방문관리/6개월(프리미엄),291600
AS285DWWAM,6년,방문관리/3개월(라이트플러스),316063
AS285DWWAM,6년,방문관리/6개월(라이트플러스),316063
AS285DWWAM,6년,자가관리,316063
AS285DWWAM,6년,방문관리/3개월(프리미엄),316063
AS285DWWAM,6년,방문관리/6개월(프리미엄),316063
FS065PSKAM,3년,방문관리/3개월,227945
FS065PSKAM,3년,방문관리/6개월,227945
FS065PSKAM,3년,자가관리,227945
FS065PSKAM,4년,방문관리/3개월,241609
FS065PSKAM,4년,방문관리/6개월,241609
FS065PSKAM,4년,자가관리,241609
FS065PSKAM,5년,방문관리/3개월,257236
FS065PSKAM,5년,방문관리/6개월,257236
FS065PSKAM,5년,자가관리,257236
FS065PSKAM,6년,방문관리/3개월,268936
FS065PSKAM,6년,방문관리/6개월,268936
FS065PSKAM,6년,자가관리,268936
AS065PWHA,3년,기본,180900
AS065PWHA,4년,기본,194563
AS065PWHA,5년,기본,208145
AS065PWHA,6년,기본,221727
AS065SWHA,3년,방문관리/3개월,207327
AS065SWHA,3년,방문관리/6개월,207327
AS065SWHA,3년,방문관리/12개월,207327
AS065SWHA,4년,방문관리/3개월,221972
AS065SWHA,4년,방문관리/6개월,221972
AS065SWHA,4년,방문관리/12개월,221972
AS065SWHA,5년,방문관리/3개월,237600
AS065SWHA,5년,방문관리/6개월,237600
AS065SWHA,5년,방문관리/12개월,237600
AS065SWHA,6년,방문관리/3개월,251181
AS065SWHA,6년,방문관리/6개월,251181
AS065SWHA,6년,방문관리/12개월,251181
AS065CWHA,3년,기본,230890
AS065CWHA,4년,기본,249463
AS065CWHA,5년,기본,267054
AS065CWHA,6년,기본,280718
AS192DSFAM,3년,방문관리/3개월,236781
AS192DSFAM,3년,방문관리/6개월,236781
AS192DSFAM,3년,자가관리,236781
AS192DSFAM,4년,방문관리/3개월,253390
AS192DSFAM,4년,방문관리/6개월,253390
AS192DSFAM,4년,자가관리,253390
AS192DSFAM,5년,방문관리/3개월,267054
AS192DSFAM,5년,방문관리/6개월,267054
AS192DSFAM,5년,자가관리,267054
AS192DSFAM,6년,방문관리/3개월,280718
AS192DSFAM,6년,방문관리/6개월,280718
AS192DSFAM,6년,자가관리,280718
AS322DSFAM,3년,방문관리/3개월,278018
AS322DSFAM,3년,방문관리/6개월,278018
AS322DSFAM,3년,자가관리,278018
AS322DSFAM,4년,방문관리/3개월,300518
AS322DSFAM,4년,방문관리/6개월,300518
AS322DSFAM,4년,자가관리,300518
AS322DSFAM,5년,방문관리/3개월,321054
AS322DSFAM,5년,방문관리/6개월,321054
AS322DSFAM,5년,자가관리,321054
AS322DSFAM,6년,방문관리/3개월,339627
AS322DSFAM,6년,방문관리/6개월,339627
AS322DSFAM,6년,자가관리,339627
AS155GWDL,3년,기본,198572
AS155GWDL,4년,기본,214118
AS155GWDL,5년,기본,227781
AS155GWDL,6년,기본,239400
AS336NSLCM,3년,기본,304527
AS336NSLCM,4년,기본,331936
AS336NSLCM,5년,기본,360327
AS336NSLCM,6년,기본,386754
WD325AS,5년,자가관리,264518
WD325AS,5년,방문관리/6개월,264518
WD325AS,5년,자가관리(타사보상),264518
WD325AS,5년,방문관리/6개월(타사보상),264518
WD325AS,6년,자가관리,279081
WD325AS,6년,방문관리/6개월,279081
WD325AS,6년,자가관리(타사보상),279081
WD325AS,6년,방문관리/6개월(타사보상),279081
WU823AS,4년,방문관리/6개월,253227
WU823AS,4년,방문관리/6개월(타사보상),253227
WU823AS,5년,방문관리/6개월,391009
WU823AS,5년,방문관리/6개월(타사보상),391009
WU823AS,6년,방문관리/6개월,428072
WU823AS,6년,방문관리/6개월(타사보상),428072
WQ672,3년,셀프관리,252000
WQ672,3년,방문관리/12개월,252000
WQ672,3년,방문관리/12개월(타사보상),252000
WQ672,3년,방문관리/6개월,252000
WQ672,3년,방문관리/6개월(타사보상),252000
WQ672,5년,셀프관리,238500
WQ672,5년,방문관리/12개월,238500
WQ672,5년,방문관리/12개월(타사보상),238500
WQ672,5년,방문관리/6개월,238500
WQ672,5년,방문관리/6개월(타사보상),238500
WQ672,6년,셀프관리,259110
WQ672,6년,방문관리/12개월,259110
WQ672,6년,방문관리/12개월(타사보상),259110
WQ672,6년,방문관리/6개월,259110
WQ672,6년,방문관리/6개월(타사보상),259110
WS672,3년,자가관리,387000
WS672,3년,방문관리/12개월,387000
WS672,3년,방문관리/6개월,387000
WS672,3년,방문관리/3개월,387000
WS672,5년,자가관리,337500
WS672,5년,방문관리/12개월,337500
WS672,5년,방문관리/6개월,337500
WS672,5년,방문관리/3개월,337500
WS672,6년,자가관리,355500
WS672,6년,방문관리/12개월,355500
WS672,6년,방문관리/6개월,355500
WS672,6년,방문관리/3개월,355500
WS674,3년,셀프관리,405000
WS674,3년,방문관리/12개월,405000
WS674,3년,방문관리/6개월,405000
WS674,3년,방문관리/3개월,405000
WS674,5년,셀프관리,364500
WS674,5년,방문관리/12개월,364500
WS674,5년,방문관리/6개월,364500
WS674,5년,방문관리/3개월,364500
WS674,6년,셀프관리,382500
WS674,6년,방문관리/12개월,382500
WS674,6년,방문관리/6개월,382500
WS674,6년,방문관리/3개월,382500
WQ672+BT150+AP107,5년,기본,301500
WQ672+BT150,5년,기본,337500
WK470,3년,방문관리/3개월(타사보상),418500
WK470,3년,방문관리/3개월,418500
WR872+BT150,6년,기본,382500
AP107/AQ107/AR107,3년,기본,252000
AP107/AQ107/AR107,5년,기본,225000
AN734,3년,방문관리/6개월(타사보상),423000
AN734,3년,방문관리/6개월,423000
AN734,3년,방문관리/3개월(타사보상),423000
AN734,3년,방문관리/3개월,423000
AN734,5년,방문관리/6개월(타사보상),414000
AN734,5년,방문관리/6개월,414000
AN734,5년,방문관리/3개월(타사보상),414000
AN734,5년,방문관리/3개월,414000
AQ730,3년,자가관리(타사보상),382500
AQ730,3년,자가관리,382500
AQ730,3년,방문관리/12개월(타사보상),382500
AQ730,3년,방문관리/12개월,382500
AQ730,3년,방문관리/6개월(타사보상),382500
AQ730,3년,방문관리/6개월,382500
AQ730,3년,방문관리/3개월(타사보상),382500
AQ730,3년,방문관리/3개월,382500
AQ730,5년,자가관리(타사보상),355500
AQ730,5년,자가관리,355500
AQ730,5년,방문관리/12개월(타사보상),355500
AQ730,5년,방문관리/12개월,355500
AQ730,5년,방문관리/6개월(타사보상),355500
AQ730,5년,방문관리/6개월,355500
AQ730,5년,방문관리/3개월(타사보상),355500
AQ730,5년,방문관리/3개월,355500
AR318,3년,자가관리,328500
AR318,3년,자가관리(타사보상),328500
AR318,3년,방문관리/12개월,328500
AR318,3년,방문관리/12개월(타사보상),328500
AR318,3년,방문관리/6개월,328500
AR318,3년,방문관리/6개월(타사보상),328500
AR318,3년,방문관리/3개월,328500
AR318,3년,방문관리/3개월(타사보상),328500
AR318,5년,자가관리,265500
AR318,5년,자가관리(타사보상),265500
AR318,5년,방문관리/12개월,265500
AR318,5년,방문관리/12개월(타사보상),265500
AR318,5년,방문관리/6개월,265500
AR318,5년,방문관리/6개월(타사보상),265500
AR318,5년,방문관리/3개월,265500
AR318,5년,방문관리/3개월(타사보상),265500
AR626,3년,자가관리,409500
AR626,3년,자가관리(타사보상),409500
AR626,3년,방문관리/12개월,409500
AR626,3년,방문관리/12개월(타사보상),409500
AR626,3년,방문관리/6개월,409500
AR626,3년,방문관리/6개월(타사보상),409500
AR626,3년,방문관리/3개월,409500
AR626,3년,방문관리/3개월(타사보상),409500
AR626,5년,자가관리,373500
AR626,5년,자가관리(타사보상),373500
AR626,5년,방문관리/12개월,373500
AR626,5년,방문관리/12개월(타사보상),373500
AR626,5년,방문관리/6개월,373500
AR626,5년,방문관리/6개월(타사보상),373500
AR626,5년,방문관리/3개월,373500
AR626,5년,방문관리/3개월(타사보상),373500
BT660,3년,방문관리/12개월,243000
BT660,3년,방문관리/6개월,243000
BT660,5년,방문관리/12개월,216000
BT660,5년,방문관리/6개월,216000
BT762,3년,방문관리/12개월,261000
BT762,3년,방문관리/6개월,261000
BT762,5년,방문관리/12개월,234000
BT762,5년,방문관리/6개월,234000
BT150,3년,기본,180000
BT150,5년,기본,90000
BT552,3년,방문관리/12개월(타사보상),270000
BT552,3년,방문관리/12개월,270000
BT552,3년,방문관리/6개월(타사보상),270000
BT552,3년,방문관리/6개월,270000
BT552,5년,방문관리/12개월(타사보상),261000
BT552,5년,방문관리/12개월,261000
BT552,5년,방문관리/6개월(타사보상),261000
BT552,5년,방문관리/6개월,261000
EWBD151,3년,자가관리,252000
EWBD151,3년,방문관리/4개월,252000
EWBD151,5년,자가관리,356236
EWBD151,5년,방문관리/4개월,356236
EWBD151,6년,자가관리,330054
EWBD151,6년,방문관리/4개월,330054
EWBD351,3년,방문관리/4개월,110700
EWBD351,5년,방문관리/4개월,122808
EWED351,3년,방문관리/4개월,78872
EWED351,5년,방문관리/4개월,88526
EWBS351,3년,방문관리/4개월,110700
EWBS351,5년,방문관리/4개월,122808
EWBS551,3년,방문관리/4개월,196444
EWBS551,5년,방문관리/4개월,215099
EWBS551,6년,방문관리/4개월,197099
EWES552,3년,방문관리/4개월,240626
EWES552,5년,방문관리/4개월,235636
EWES552,6년,방문관리/4개월,242100
EWES752,3년,방문관리/4개월,232526
EWES752,5년,방문관리/4개월,260181
EWES752,6년,방문관리/4개월,269100
EWES751,3년,방문관리/4개월,206344
EWES751,5년,방문관리/4개월,227454
EWES751,6년,방문관리/4개월,233100
EWES351,3년,방문관리/4개월,78872
EWES351,5년,방문관리/4개월,88526
EWES551,3년,방문관리/4개월,133608
EWES551,5년,방문관리/4개월,170181
EWES551,6년,방문관리/4개월,153818
EWDD951,3년,방문관리/4개월,304526
EWDD951,5년,방문관리/4개월,493854
EWDD951,6년,방문관리/4개월,539508
EW-210,3년,자가관리,121090
EW-210,3년,방문관리/6개월,121090
EW-210,5년,자가관리,107836
EW-210,5년,방문관리/6개월,107836
EW-210,6년,자가관리,115854
EW-210,6년,방문관리/6개월,115854
VS-411P,3년,방문관리/4개월,162326
VS-411P,5년,방문관리/4개월,152508
EADS731,3년,방문관리/4개월,186872
EADS731,3년,방문관리/12개월,186872
EADS731,5년,방문관리/4개월,255354
EADS731,5년,방문관리/12개월,255354
EADS731,6년,방문관리/4개월,240626
EADS731,6년,방문관리/12개월,240626
EADS531,3년,방문관리/4개월,172144
EADS531,3년,방문관리/12개월,172144
EADS531,5년,방문관리/4개월,233262
EADS531,5년,방문관리/12개월,233262
EADS531,6년,방문관리/4개월,218536
EADS531,6년,방문관리/12개월,218536
EADS711,3년,방문관리/4개월,127962
EADS711,3년,방문관리/12개월,127962
EADS711,5년,방문관리/4개월,166990
EADS711,5년,방문관리/12개월,166990
EADS711,6년,방문관리/4개월,152262
EADS711,6년,방문관리/12개월,152262
EADS511,3년,방문관리/4개월,113236
EADS511,3년,방문관리/12개월,113236
EADS511,5년,방문관리/4개월,144900
EADS511,5년,방문관리/12개월,144900
EADS511,6년,방문관리/4개월,130172
EADS511,6년,방문관리/12개월,130172
EP-320,3년,방문관리/4개월,101454
EP-320,3년,방문관리/12개월,101454
EP-320,5년,방문관리/4개월,111436
EP-320,5년,방문관리/12개월,111436
EP-430,3년,방문관리/4개월,157418
EP-430,3년,방문관리/12개월,157418
EP-430,5년,방문관리/4개월,173618
EP-430,5년,방문관리/12개월,173618
EBEB132,3년,기본,121090
EBEB132,5년,기본,127472
EBEB132,6년,기본,115854
EBEB112,3년,기본,104726
EBEB112,5년,기본,107836
EBEB112,6년,기본,115854
EBCB142,3년,기본,137454
EBCB142,5년,기본,147108
EBCB142,6년,기본,150218
EBCB152,3년,기본,153818
EBCB152,5년,기본,196036
EBCB152,6년,기본,199144
