"product-card href","card-logo src","card-img src","card-model","card-desc","card-price","card-price 2","card-label","card-label 2"
"https://rentalsegye.com/product.php?no=11552&cid=1486&gid=1580","https://tlpartner.speedycdn.net/data/file/item_code/990098083_QmYlbwPv_logo_coway_391x100.png","https://tlpartner.speedycdn.net/data/file/item_product/thumb-1028680750_f7Bea2N4_gray-img3_224x224.png","CMSS-PR03,CMQ-PR03,CMK-PR03","[코웨이] 탑퍼교체 하이브리드3 매트리스 (슈퍼싱글,퀸,킹)","19,900","0","",""
"https://rentalsegye.com/product.php?no=11554&cid=1486&gid=1580","https://tlpartner.speedycdn.net/data/file/item_code/990098083_QmYlbwPv_logo_coway_391x100.png","https://tlpartner.speedycdn.net/data/file/item_product/thumb-1028680750_Ju2iyAkE_ED9598EC9DB4EBB88CEBA6ACEB939C4_SS_1_224x224.png","CMSS-PR04,CMQ-PR04,CMK-PR04,CMLK-PR04","[코웨이] 탑퍼교체 하이브리드4 매트리스 (슈퍼싱글,퀸,킹,라지킹)","19,900","0","",""
"https://rentalsegye.com/product.php?no=11561&cid=1486&gid=1580","https://tlpartner.speedycdn.net/data/file/item_code/990098083_QmYlbwPv_logo_coway_391x100.png","https://tlpartner.speedycdn.net/data/file/item_product/thumb-1028680750_gNM0JmlO_CMSS-SL01_01_224x224.png","CMSS-SL01,CMQ-SL01,CMK-SL01","[코웨이] 탑퍼교체 더블체인지 매트리스 (슈퍼싱글,퀸,킹)","12,900","0","",""
"https://rentalsegye.com/product.php?no=11562&cid=1486&gid=1580","https://tlpartner.speedycdn.net/data/file/item_code/990098083_QmYlbwPv_logo_coway_391x100.png","https://tlpartner.speedycdn.net/data/file/item_product/thumb-1028680750_iX6Oxj2E_white-img1_224x224.png","CMSS-M01,CMQ-M01","[코웨이] 컴팩트 메모리폼 매트리스 (슈퍼싱글,퀸)","14,900","0","",""
"https://rentalsegye.com/product.php?no=28015&cid=1486&gid=1580","https://tlpartner.speedycdn.net/data/file/item_code/990098083_QmYlbwPv_logo_coway_391x100.png","https://tlpartner.speedycdn.net/data/file/item_product/thumb-2041760856_u1t3LgCY_EC89ACEBB09C.._ECA09CEBB09C.._ECA280.._224x224.jpg","CMSS-OB03,CMQ-OB03","[코웨이] 커버교체 원바디2 매트리스 (슈퍼싱글,퀸)","14,900","0","",""
"https://rentalsegye.com/product.php?no=34136&cid=1486&gid=1580","https://tlpartner.speedycdn.net/data/file/item_code/990098083_QmYlbwPv_logo_coway_391x100.png","https://tlpartner.speedycdn.net/data/file/item_product/thumb-2039833991_0dnhykgR_thumb-q1_600x600_224x224.png","CMS-ST01EH,CMSS-ST01EH,CMQ-ST01EH","[코웨이] 엘리트 매트리스 (싱글,슈퍼싱글,퀸)","10,900","0","",""
"https://rentalsegye.com/product.php?no=34492&cid=1486&gid=1580","https://tlpartner.speedycdn.net/data/file/item_code/990098083_QmYlbwPv_logo_coway_391x100.png","https://tlpartner.speedycdn.net/data/file/item_product/thumb-1982381016_rNW54f0s_31BgNudQWc1_224x224.png","CMSS-SP01SC,CMQ-SP01SC,CMK-SP01SC,CMLK-SP01SC,CMGK-SP01SC","[코웨이] 비렉스 시그니처 매트리스 컴포트 (슈퍼싱글,퀸,킹,라지킹,그레이트킹)","38,900","8,900","",""
"https://rentalsegye.com/product.php?no=34493&cid=1486&gid=1580","https://tlpartner.speedycdn.net/data/file/item_code/990098083_QmYlbwPv_logo_coway_391x100.png","https://tlpartner.speedycdn.net/data/file/item_product/thumb-1982381016_6e1FEB0a_AC6DJSOcW91_224x224.png","CMSS-SP01S,CMQ-SP01S,CMK-SP01S,CMLK-SP01S,CMGK-SP01S","[코웨이] 비렉스 시그니처 매트리스 (슈퍼싱글,퀸,킹,라지킹,그레이트킹)","34,900","4,900","",""
"https://rentalsegye.com/product.php?no=34697&cid=1486&gid=1580","https://tlpartner.speedycdn.net/data/file/item_code/990098083_QmYlbwPv_logo_coway_391x100.png","https://tlpartner.speedycdn.net/data/file/item_product/thumb-2041760788_rjD2kxYf_ECA09CEBAAA9EC9D84-EC9E85EBA0A5ED95B4ECA3BCEC84B8EC9A94_-001_282429_224x224.png","CMSS-SE01,CMQ-SE01,CMK-SE01","[코웨이] 비렉스 더블사이드 매트리스 (슈퍼싱글,퀸,킹)","15,900","0","",""
"https://rentalsegye.com/product.php?no=39202&cid=1486&gid=1580","https://tlpartner.speedycdn.net/data/file/item_code/990098083_QmYlbwPv_logo_coway_391x100.png","https://tlpartner.speedycdn.net/data/file/item_product/thumb-990098083_whrb8lZi_CMLK-AS05_EB84A4EC9DB4EBB984_224x224.jpg","CMSS-AS05,CMQ-AS05,CMK-AS05,CMLK-AS05","[코웨이] 비렉스 스마트 매트리스 S8+ (슈퍼싱글,퀸,킹,라지킹)","66,900","36,900","",""
"https://rentalsegye.com/product.php?no=39203&cid=1486&gid=1580","https://tlpartner.speedycdn.net/data/file/item_code/990098083_QmYlbwPv_logo_coway_391x100.png","https://tlpartner.speedycdn.net/data/file/item_product/thumb-990098083_fWosJDHy_CMLK-AS04_EB84A4EC9DB4EBB984_224x224.jpg","CMSS-AS04,CMQ-AS04,CMK-AS04,CMLK-AS04","[코웨이] 비렉스 스마트 매트리스 S6+ (슈퍼싱글,퀸,킹,라지킹)","52,900","22,900","",""
"https://rentalsegye.com/product.php?no=44945&cid=1486&gid=1580","https://tlpartner.speedycdn.net/data/file/item_code/990098083_QmYlbwPv_logo_coway_391x100.png","https://tlpartner.speedycdn.net/data/file/item_product/thumb-990098305_m2c0opNe_SE02_EC8DB81_224x224.png","CMSS-SE02,CMQ-SE02,CMK-SE02,CMLK-SE02","[코웨이] 비렉스 모디 매트리스 (슈퍼싱글,퀸,킹,라지킹)","12,900","0","",""
"https://rentalsegye.com/product.php?no=45187&cid=1486&gid=1580","https://tlpartner.speedycdn.net/data/file/item_code/990098083_3rUDe0nN_logo_chungho_525x100.png","https://tlpartner.speedycdn.net/data/file/item_product/thumb-990098305_KJgrLe1U_EBA7A4ED8AB8EBA6ACEC8AA4_EC98A8EBA6AC_EB939CEBA6BC_1_480x480_224x224.png","온리 드림","[청호나이스] 매트리스 온리 드림 화이트베이지 S/SS/Q","13,900","0","타사보상","이앤이"
"https://rentalsegye.com/product.php?no=45188&cid=1486&gid=1580","https://tlpartner.speedycdn.net/data/file/item_code/990098083_3rUDe0nN_logo_chungho_525x100.png","https://tlpartner.speedycdn.net/data/file/item_product/thumb-990098305_Fym5obwY_EBA7A4ED8AB8EBA6ACEC8AA4_William_J_1_480x480_224x224.png","매트리스 William J","[청호나이스] 매트리스 William J 웜베이지 SS/Q/K/LK","25,900","0","타사보상","이앤이"
"https://rentalsegye.com/product.php?no=45189&cid=1486&gid=1580","https://tlpartner.speedycdn.net/data/file/item_code/990098083_3rUDe0nN_logo_chungho_525x100.png","https://tlpartner.speedycdn.net/data/file/item_product/thumb-990098305_rEz1edIX_EB9380EC96BC_EB939CEBA6BC_1_480x480_224x224.png","듀얼 드림","[청호나이스] 매트리스 듀얼 드림 화이트베이지 SS/Q/K/LK","15,900","0","타사보상","이앤이"
"https://rentalsegye.com/product.php?no=45190&cid=1486&gid=1580","https://tlpartner.speedycdn.net/data/file/item_code/990098083_3rUDe0nN_logo_chungho_525x100.png","https://tlpartner.speedycdn.net/data/file/item_product/thumb-990098305_qTlOnuAK_EB9380EC96BC_ECBD94ECA780_1_480x480_224x224.png","듀얼 코지","[청호나이스] 매트리스 듀얼 코지 화이트베이지 SS/Q/K/LK","15,900","0","타사보상","이앤이"
"https://rentalsegye.com/product.php?no=45240&cid=1486&gid=1580","https://tlpartner.speedycdn.net/data/file/item_code/990098083_3rUDe0nN_logo_chungho_525x100.png","https://tlpartner.speedycdn.net/data/file/item_product/thumb-990098305_7vhKpMdD_ED9484EBA088EC9E84_FBT2BEB9380EC96BC_EB939CEBA6BC_480x480_224x224.png","프레임 FBT + 듀얼 드림","[청호나이스] 패브릭 템바보드 프레임 FBT + 매트리스 듀얼 드림 SS/Q/K/LK","33,800","3,800","",""
"https://rentalsegye.com/product.php?no=45243&cid=1486&gid=1580","https://tlpartner.speedycdn.net/data/file/item_code/990098083_3rUDe0nN_logo_chungho_525x100.png","https://tlpartner.speedycdn.net/data/file/item_product/thumb-990098305_b6Nc4WLO_ED9484EBA088EC9E84_WB2BEBA7A4ED8AB8EBA6ACEC8AA4_William_J_480x480_224x224.png","프레임 WB + 매트리스 William J","[청호나이스] 패브릭 원목 프레임 + 매트리스 William J SS/Q/K/LK","44,800","14,800","",""
"https://rentalsegye.com/product.php?no=45245&cid=1486&gid=1580","https://tlpartner.speedycdn.net/data/file/item_code/990098083_3rUDe0nN_logo_chungho_525x100.png","https://tlpartner.speedycdn.net/data/file/item_product/thumb-990098305_3OSyQKkw_ED9484EBA088EC9E84_FC2BEC98A8EBA6AC_EB939CEBA6BC_480x480_224x224.png","프레임 FC + 온리 드림","[청호나이스] 쿠션형 헤드보드 프레임 FC + 매트리스 온리 드림 S/SS/Q","28,800","0","",""
"https://rentalsegye.com/product.php?no=45247&cid=1486&gid=1580","https://tlpartner.speedycdn.net/data/file/item_code/990098083_3rUDe0nN_logo_chungho_525x100.png","https://tlpartner.speedycdn.net/data/file/item_product/thumb-990098305_PjyzqYJE_ED8C8CEC9AB4EB8DB0EC9DB4EC85982BEB9380EC96BC_ECBD94ECA780_480x480_224x224.png","파운데이션 + 듀얼 코지","[청호나이스] 파운데이션 + 매트리스 듀얼 코지 SS/Q/K/LK","28,800","0","",""
"https://rentalsegye.com/product.php?no=45381&cid=1486&gid=1580","https://tlpartner.speedycdn.net/data/file/item_code/990098083_QmYlbwPv_logo_coway_391x100.png","https://tlpartner.speedycdn.net/data/file/item_product/thumb-990098305_PMvgiwfk_SE03_EB9DBCECA780ED82B9_224x224.png","CMSS-SE03,CMQ-SE03,CMK-SE03,CMLK-SE03","[코웨이] 비렉스 루네어 매트리스 (슈퍼싱글,퀸,킹,라지킹)","14,900","0","",""
"https://rentalsegye.com/product.php?no=45387&cid=1486&gid=1580","https://tlpartner.speedycdn.net/data/file/item_code/990098083_3rUDe0nN_logo_chungho_525x100.png","https://tlpartner.speedycdn.net/data/file/item_product/thumb-990098305_Ty1LXu53_ED9484EBA088EC9E84_FS2BEB9380EC96BC_ECBD94ECA780_480x480_224x224.png","프레임 FS + 듀얼 코지","[청호나이스] 미니멀 프레임 FS + 매트리스 듀얼 코지 SS/Q/K/LK 5년약정","42,800","12,800","",""
"https://rentalsegye.com/product.php?no=45389&cid=1486&gid=1580","https://tlpartner.speedycdn.net/data/file/item_code/990098083_3rUDe0nN_logo_chungho_525x100.png","https://tlpartner.speedycdn.net/data/file/item_product/thumb-990098305_9LZ5WeR7_ED9484EBA088EC9E84_FS2BEB9380EC96BC_ECBD94ECA780_480x480_224x224.png","프레임 FS + 듀얼 코지","[청호나이스] 미니멀 프레임 FS + 매트리스 듀얼 코지 SS/Q/K/LK 6년약정","30,800","800","",""
"https://rentalsegye.com/product.php?no=45397&cid=1486&gid=1580","https://tlpartner.speedycdn.net/data/file/item_code/990098083_3rUDe0nN_logo_chungho_525x100.png","https://tlpartner.speedycdn.net/data/file/item_product/thumb-990098305_cONElJVs_ED9484EBA088EC9E84_FH2BEB9380EC96BC_EB939CEBA6BC_480x480_224x224.png","프레임 FH + 듀얼 드림","[청호나이스] 호텔식 패브릭 프레임 FH + 매트리스 듀얼 드림 SS/Q/K/LK 5년약정","49,800","19,800","",""
"https://rentalsegye.com/product.php?no=45402&cid=1486&gid=1580","https://tlpartner.speedycdn.net/data/file/item_code/990098083_3rUDe0nN_logo_chungho_525x100.png","https://tlpartner.speedycdn.net/data/file/item_product/thumb-990098305_XP82UT3f_ED9484EBA088EC9E84_FH2BEB9380EC96BC_EB939CEBA6BC_480x480_224x224.png","프레임 FH + 듀얼 드림","[청호나이스] 호텔식 패브릭 프레임 FH + 매트리스 듀얼 드림 SS/Q/K/LK 6년약정","35,800","5,800","",""
"https://rentalsegye.com/product.php?no=45424&cid=1486&gid=1580","https://tlpartner.speedycdn.net/data/file/item_code/990098083_3rUDe0nN_logo_chungho_525x100.png","https://tlpartner.speedycdn.net/data/file/item_product/thumb-990098305_EloKI1fM_ED9484EBA088EC9E84_FBT_2B_EB9380EC96BC_ECBD94ECA780_480x480_224x224.png","프레임 FBT + 듀얼 코지","[청호나이스] 패브릭 템바보드 프레임 FBT + 매트리스 듀얼 코지 SS/Q/K/LK","33,800","3,800","",""
"https://rentalsegye.com/product.php?no=45426&cid=1486&gid=1580","https://tlpartner.speedycdn.net/data/file/item_code/990098083_3rUDe0nN_logo_chungho_525x100.png","https://tlpartner.speedycdn.net/data/file/item_product/thumb-990098305_Gj7L0fF6_ED9484EBA088EC9E84_WB_2B_EB9380EC96BC_EB939CEBA6BC_480x480_224x224.png","프레임 WB + 듀얼 드림","[청호나이스] 패브릭 원목 프레임 + 매트리스 듀얼 드림 SS/Q/K/LK","34,800","4,800","",""
"https://rentalsegye.com/product.php?no=45428&cid=1486&gid=1580","https://tlpartner.speedycdn.net/data/file/item_code/990098083_3rUDe0nN_logo_chungho_525x100.png","https://tlpartner.speedycdn.net/data/file/item_product/thumb-990098305_3kLgnOsP_ED9484EBA088EC9E84_FC_2B_EBA7A4ED8AB8EBA6ACEC8AA4_William_J_480x480_224x224.png","프레임 FC + 매트리스 William J","[청호나이스] 쿠션형 헤드보드 프레임 FC + 매트리스 William J SS/Q/K/LK","43,800","13,800","",""
"https://rentalsegye.com/product.php?no=45431&cid=1486&gid=1580","https://tlpartner.speedycdn.net/data/file/item_code/990098083_3rUDe0nN_logo_chungho_525x100.png","https://tlpartner.speedycdn.net/data/file/item_product/thumb-990098305_CHhl2Ywa_ED8C8CEC9AB4EB8DB0EC9DB4EC8598_2B_EC98A8EBA6AC_EB939CEBA6BC_480x480_224x224.png","파운데이션 + 온리 드림","[청호나이스] 파운데이션 + 매트리스 온리 드림 S/SS/Q","24,800","0","",""
"https://rentalsegye.com/product.php?no=47465&cid=1486&gid=1580","https://tlpartner.speedycdn.net/data/file/item_code/990098083_3rUDe0nN_logo_chungho_525x100.png","https://tlpartner.speedycdn.net/data/file/item_product/thumb-990098305_3a6xnhsK_EB84A4EC8AA4ED8BB0ECA780_EBA7A4ED8AB8EBA6ACEC8AA4_600x600_224x224.jpg","네스티지 매트리스","[청호나이스] 네스티지 매트리스 SS/Q/K/LK","38,900","8,900","타사보상","BMB"
"https://rentalsegye.com/product.php?no=47467&cid=1486&gid=1580","https://tlpartner.speedycdn.net/data/file/item_code/990098083_3rUDe0nN_logo_chungho_525x100.png","https://tlpartner.speedycdn.net/data/file/item_product/thumb-990098305_w5xZhMjb_EB9380EC96BC_EB939CEBA6BC_1_600x600_224x224.jpg","듀얼 드림 온열 매트리스","[청호나이스] 듀얼 드림 온열 매트리스 SS/Q/K/LK","29,900","0","타사보상","이앤이"
"https://rentalsegye.com/product.php?no=47469&cid=1486&gid=1580","https://tlpartner.speedycdn.net/data/file/item_code/990098083_3rUDe0nN_logo_chungho_525x100.png","https://tlpartner.speedycdn.net/data/file/item_product/thumb-990098305_krxdcJ9O_EB9380EC96BC_ECBD94ECA780_1_600x600_224x224.jpg","듀얼 코지 온열 매트리스","[청호나이스] 듀얼 코지 온열 매트리스 SS/Q/K/LK","29,900","0","타사보상","이앤이"
"https://rentalsegye.com/product.php?no=47471&cid=1486&gid=1580","https://tlpartner.speedycdn.net/data/file/item_code/990098083_3rUDe0nN_logo_chungho_525x100.png","https://tlpartner.speedycdn.net/data/file/item_product/thumb-990098305_JPNEb5O4_EBA19CEC9684EC8AA4EC9C84ED8AB8ED9484EB9DBCEC9E84_EBA7A4ED8AB8EBA6ACEC8AA4_600x600_224x224.jpg","로얄스위트 프라임 매트리스","[청호나이스] 로얄스위트 프라임 매트리스 SS/Q/K/LK","30,900","900","타사보상","BMB"
"https://rentalsegye.com/product.php?no=47473&cid=1486&gid=1580","https://tlpartner.speedycdn.net/data/file/item_code/990098083_3rUDe0nN_logo_chungho_525x100.png","https://tlpartner.speedycdn.net/data/file/item_product/thumb-990098305_xdYhRrkE_EBA99CEBA19CEC9AB0EB939CEBA6BC_EBA7A4ED8AB8EBA6ACEC8AA4_600x600_224x224.jpg","멜로우드림 매트리스","[청호나이스] 멜로우드림 매트리스 SS/Q/K/LK","24,900","0","타사보상","BMB"
"https://rentalsegye.com/product.php?no=48598&cid=1486&gid=1580","https://tlpartner.speedycdn.net/data/file/item_code/990098083_QmYlbwPv_logo_coway_391x100.png","https://tlpartner.speedycdn.net/data/file/item_product/thumb-990098305_R0crKAVC_SP02SC_EAB7B8EBA088EC9DB4ED8AB8ED82B9_224x224.png","CMGK-SP02SC,CMLK-SP02SC,CMK-SP02SC,CMQ-SP02SC,CMSS-SP02SC","[코웨이] 시그니처 파이어쉴드 컴포트 매트리스 (슈퍼싱글,퀸,킹,라지킹,그레이트킹)","42,900","12,900","",""
"https://rentalsegye.com/product.php?no=48599&cid=1486&gid=1580","https://tlpartner.speedycdn.net/data/file/item_code/990098083_QmYlbwPv_logo_coway_391x100.png","https://tlpartner.speedycdn.net/data/file/item_product/thumb-990098305_C23Dubqz_SP02S_EAB7B8EBA088EC9DB4ED8AB8ED82B9_224x224.png","CMGK-SP02S,CMLK-SP02S,CMK-SP02S,CMQ-SP02S,CMSS-SP02S","[코웨이] 시그니처 파이어쉴드 매트리스 (슈퍼싱글,퀸,킹,라지킹,그레이트킹)","38,900","8,900","",""