"product-card href","card-logo src","card-img src","card-model","card-desc","card-price","card-price 2","card-label"
"https://rentalsegye.com/product.php?no=11470&cid=1379&gid=1408","https://tlpartner.speedycdn.net/data/file/item_code/990098083_QmYlbwPv_logo_coway_391x100.png","https://tlpartner.speedycdn.net/data/file/item_product/thumb-238048536_oskpy3eD_63303_hJhQLwU3D4GZVFtEXeJAnA6A3YQ3pw_224x224.jpg","BAS25-B","[코웨이] 스스로케어 비데 리모트","22,400","0",""
"https://rentalsegye.com/product.php?no=30364&cid=1379&gid=1408","https://tlpartner.speedycdn.net/data/file/item_code/990098083_qZYoMiDH_logo_quming_325x100.png","https://tlpartner.speedycdn.net/data/file/item_product/thumb-2041760843_3agpSuye_ECA09CEBAAA9EC9D84_EC9E85EBA0A5ED95B4ECA3BCEC84B8EC9A94_-001_281229_224x224.png","HQBB100W1D","[현대큐밍] 더클린 화이트","16,900","0",""
"https://rentalsegye.com/product.php?no=11341&cid=1379&gid=1408","https://tlpartner.speedycdn.net/data/file/item_code/990098083_pRQd9fUT_logo_cuckoo_499x100.png","https://tlpartner.speedycdn.net/data/file/item_product/thumb-990093989_IiXSECeG_EBA994EC9DB8_1_224x224.png","CBT-IS1031W","[쿠쿠] 인스퓨어 전기분해 살균방수 비데","13,900","0",""
"https://rentalsegye.com/product.php?no=11342&cid=1379&gid=1408","https://tlpartner.speedycdn.net/data/file/item_code/990098083_pRQd9fUT_logo_cuckoo_499x100.png","https://tlpartner.speedycdn.net/data/file/item_product/thumb-990093989_nXAahtjs_EBA994EC9DB8_1_224x224.png","CBT-IS1031RW","[쿠쿠] 인스퓨어 전기분해 자동살균 비데","14,900","0",""
"https://rentalsegye.com/product.php?no=11343&cid=1379&gid=1408","https://tlpartner.speedycdn.net/data/file/item_code/990098083_pRQd9fUT_logo_cuckoo_499x100.png","https://tlpartner.speedycdn.net/data/file/item_product/thumb-990093989_id1BZrpM_EBA994EC9DB8_1_224x224.png","CBT-G3031W","[쿠쿠] 인스퓨어 이지필터 방수비데","12,900","0",""
"https://rentalsegye.com/product.php?no=11344&cid=1379&gid=1408","https://tlpartner.speedycdn.net/data/file/item_code/990098083_pRQd9fUT_logo_cuckoo_499x100.png","https://tlpartner.speedycdn.net/data/file/item_product/thumb-990093989_3C0NZnO2_EBA994EC9DB8_1_224x224.png","CBT-G1031W","[쿠쿠] 인스퓨어 이지필터 비데","8,900","0",""
"https://rentalsegye.com/product.php?no=11345&cid=1379&gid=1408","https://tlpartner.speedycdn.net/data/file/item_code/990098083_pRQd9fUT_logo_cuckoo_499x100.png","https://tlpartner.speedycdn.net/data/file/item_product/thumb-990093989_GX2QqJdS_EBA994EC9DB8_1_224x224.png","CBT-E1021W","[쿠쿠] 클렌비스 방수 비데","13,900","0",""
"https://rentalsegye.com/product.php?no=11426&cid=1379&gid=1408","https://tlpartner.speedycdn.net/data/file/item_code/990098083_3rUDe0nN_logo_chungho_525x100.png","https://tlpartner.speedycdn.net/data/file/item_product/thumb-3731255601_2FkvNYAo_EBA994EC9DB8_1_224x224.png","BD-35D51","[청호나이스] 에어버블 비데","13,900","0",""
"https://rentalsegye.com/product.php?no=11464&cid=1379&gid=1408","https://tlpartner.speedycdn.net/data/file/item_code/990098083_QmYlbwPv_logo_coway_391x100.png","https://tlpartner.speedycdn.net/data/file/item_product/thumb-238048536_AoNdvq9k_63299_vVzgcsh5zhhNltk9sTG6FkxRjwv6TU_224x224.jpg","BA36-B","[코웨이] 프라임 비데","16,560","0","타사보상"
"https://rentalsegye.com/product.php?no=18058&cid=1379&gid=1408","https://tlpartner.speedycdn.net/data/file/item_code/990098083_5cBVIkhs_logo_wells_357x100.png","https://tlpartner.speedycdn.net/data/file/item_product/thumb-238047395_NnzDBv7f_00847625592_224x224.png","BM750RWA","[웰스] 비데 자동살균","22,900","0","타사보상"
"https://rentalsegye.com/product.php?no=19904&cid=1379&gid=1408","https://tlpartner.speedycdn.net/data/file/item_code/990098083_5cBVIkhs_logo_wells_357x100.png","https://tlpartner.speedycdn.net/data/file/item_product/thumb-2039833993_fdHvWXhr_00163018189_224x224.png","BN150","[웰스] 비데","8,900","0",""
"https://rentalsegye.com/product.php?no=19907&cid=1379&gid=1408","https://tlpartner.speedycdn.net/data/file/item_code/990098083_qZYoMiDH_logo_quming_325x100.png","https://tlpartner.speedycdn.net/data/file/item_product/thumb-2039833993_SMfjLg3s_20210503052140_824093_224x224.png","B-L200W","[현대큐밍] 더클린 라이트","14,900","0",""
"https://rentalsegye.com/product.php?no=27376&cid=1379&gid=1408","https://tlpartner.speedycdn.net/data/file/item_code/990098083_pRQd9fUT_logo_cuckoo_499x100.png","https://tlpartner.speedycdn.net/data/file/item_product/thumb-2009612309_9um6XWRb_661910538_DpRMGfeN_CBT-L1031W_1_224x224.jpg","CBT-L1031W","[쿠쿠] 인스퓨어 비데","9,900","0",""
"https://rentalsegye.com/product.php?no=21208&cid=1379&gid=1408","https://tlpartner.speedycdn.net/data/file/item_code/990098305_iTzkYfnr_logo_applebidet_399x100.png","https://tlpartner.speedycdn.net/data/file/item_product/thumb-238048755_wzBAg3pM_156513_0_20231026152422722mt_224x224.png","AB-K9616","[애플비데] 프리미엄 방수 비데","10,900","0",""
"https://rentalsegye.com/product.php?no=22090&cid=1379&gid=1408","https://tlpartner.speedycdn.net/data/file/item_code/990098083_3rUDe0nN_logo_chungho_525x100.png","https://tlpartner.speedycdn.net/data/file/item_product/thumb-2009614428_VzlgR9hW_1619666145_jc7DEX8L_1_224x224.jpg","BD-35D40","[청호나이스] 쾌변 건조 비데 B350 + 소형변좌","12,900","0","타사보상"
"https://rentalsegye.com/product.php?no=22092&cid=1379&gid=1408","https://tlpartner.speedycdn.net/data/file/item_code/990098083_3rUDe0nN_logo_chungho_525x100.png","https://tlpartner.speedycdn.net/data/file/item_product/thumb-2009614428_1EDgjuNf_1619666145_jc7DEX8L_1_224x224.jpg","BD-35D72","[청호나이스] 쾌변 건조 탈취 자동물내림 비데 B350 PLUS","12,900","0","타사보상"
"https://rentalsegye.com/product.php?no=22093&cid=1379&gid=1408","https://tlpartner.speedycdn.net/data/file/item_code/990098083_3rUDe0nN_logo_chungho_525x100.png","https://tlpartner.speedycdn.net/data/file/item_product/thumb-2009614428_ahjzmUfL_1619666370_Y6N5U4ey_1_224x224.jpg","BD-35D50R","[청호나이스] 쾌변 건조 비데 B350 + 리모컨","15,900","0","타사보상"
"https://rentalsegye.com/product.php?no=22112&cid=1379&gid=1408","https://tlpartner.speedycdn.net/data/file/item_code/990098083_qZYoMiDH_logo_quming_325x100.png","https://tlpartner.speedycdn.net/data/file/item_product/thumb-2009614428_lVxrnowv_1644306201_Cvl7uK2b_1_224x224.jpg","B-S300W0B","[현대큐밍] 더클린 스마트","18,900","0",""
"https://rentalsegye.com/product.php?no=39449&cid=1379&gid=1408","https://tlpartner.speedycdn.net/data/file/item_code/990098083_QmYlbwPv_logo_coway_391x100.png","https://tlpartner.speedycdn.net/data/file/item_product/thumb-990098083_H9juiIcl_BAS37-C_224x224.png","BAS37-C","[코웨이] 더블케어 비데2","21,060","0","타사보상"
"https://rentalsegye.com/product.php?no=39448&cid=1379&gid=1408","https://tlpartner.speedycdn.net/data/file/item_code/990098083_QmYlbwPv_logo_coway_391x100.png","https://tlpartner.speedycdn.net/data/file/item_product/thumb-990098083_uZ231Dp7_BAS38-C_224x224.png","BAS38-C","[코웨이] 더블케어 플러스 비데2","21,960","0","타사보상"
"https://rentalsegye.com/product.php?no=30365&cid=1379&gid=1408","https://tlpartner.speedycdn.net/data/file/item_code/990098083_qZYoMiDH_logo_quming_325x100.png","https://tlpartner.speedycdn.net/data/file/item_product/thumb-2041760843_4YcngGr7_ECA09CEBAAA9EC9D84_EC9E85EBA0A5ED95B4ECA3BCEC84B8EC9A94_-001_281229_224x224.png","HQBP530W0D","[현대큐밍] 더클린 살균케어","19,900","0",""
"https://rentalsegye.com/product.php?no=38835&cid=1379&gid=1408","https://tlpartner.speedycdn.net/data/file/item_code/990098083_pRQd9fUT_logo_cuckoo_499x100.png","https://tlpartner.speedycdn.net/data/file/item_product/thumb-990098083_qQbp6ZJM_CBT-PFF31RW_224x224.jpg","CBT-PFF31RW","[쿠쿠] 인스퓨어 슈퍼슬림 리모컨 비데","13,510","0","타사보상"
"https://rentalsegye.com/product.php?no=28102&cid=1379&gid=1408","https://tlpartner.speedycdn.net/data/file/item_code/990098083_5cBVIkhs_logo_wells_357x100.png","https://tlpartner.speedycdn.net/data/file/item_product/thumb-2009614500_Tan9Gktw_EAB590EC9B90EC9BB0EC8AA4_BP550CWA_EC8580ED9484EAB480EBA6AC_EBB984EB8DB0_EC8DB8EB84A4EC9DBC_224x224.jpg","BP550CWA","[웰스] 리모컨 비데 향균방수 플러스","14,900","0","타사보상"
"https://rentalsegye.com/product.php?no=28103&cid=1379&gid=1408","https://tlpartner.speedycdn.net/data/file/item_code/990098083_5cBVIkhs_logo_wells_357x100.png","https://tlpartner.speedycdn.net/data/file/item_product/thumb-2009614500_etNo74gi_EAB590EC9B90_BP750CWA_EC8DB8EB84A4EC9798_224x224.jpg","BP750CWA","[웰스] 리모컨 비데 자동살균","17,900","0","타사보상"
"https://rentalsegye.com/product.php?no=28106&cid=1379&gid=1408","https://tlpartner.speedycdn.net/data/file/item_code/990098083_5cBVIkhs_logo_wells_357x100.png","https://tlpartner.speedycdn.net/data/file/item_product/thumb-2009614500_bf0pQigP_EAB590EC9B90_EC84B8EBB288ECA7B8_EC8DB8EB84A4EC9DBC_224x224.jpg","BM750RWA","[웰스] 비데 자동살균 (홈케어)","26,900","1,900","타사보상"
"https://rentalsegye.com/product.php?no=32677&cid=1379&gid=1408","https://tlpartner.speedycdn.net/data/file/item_code/990098083_QmYlbwPv_logo_coway_391x100.png","https://tlpartner.speedycdn.net/data/file/item_product/thumb-1982380991_F7OMvWtd_11_224x224.png","BAS39-A","[코웨이] 스스로케어 비데","21,400","0",""
"https://rentalsegye.com/product.php?no=33291&cid=1379&gid=1408","https://tlpartner.speedycdn.net/data/file/item_code/990098083_5cBVIkhs_logo_wells_357x100.png","https://tlpartner.speedycdn.net/data/file/item_product/thumb-2039834008_JcCnYNP5_1693209992_W4ewDTci_2_224x224.jpg","BQ650RWA","[웰스] 비데 올스텐 트윈","18,900","0","타사보상"
"https://rentalsegye.com/product.php?no=33292&cid=1379&gid=1408","https://tlpartner.speedycdn.net/data/file/item_code/990098083_5cBVIkhs_logo_wells_357x100.png","https://tlpartner.speedycdn.net/data/file/item_product/thumb-2039834008_e1JW5qOi_1693209976_8w2PlpYS_2_224x224.jpg","BQ450RWA","[웰스] 비데 올스텐","14,900","0","타사보상"
"https://rentalsegye.com/product.php?no=33838&cid=1379&gid=1408","https://tlpartner.speedycdn.net/data/file/item_code/990098083_QmYlbwPv_logo_coway_391x100.png","https://tlpartner.speedycdn.net/data/file/item_product/thumb-1982381045_JXPmrOMG_ID0101_4813_attimg_org_224x224.png","BAS40-A","[코웨이] 스스로케어 비데(일반형)","15,660","0","타사보상"
"https://rentalsegye.com/product.php?no=34233&cid=1379&gid=1408","https://tlpartner.speedycdn.net/data/file/item_code/990098083_RW3hHro1_logo_sk_194x100.png","https://tlpartner.speedycdn.net/data/file/item_product/thumb-990098305_borlJnNV_BID-096P_480x480_224x224.png","BID-096P","[SK매직] 향균 비데 파워업 저수압용","23,900","0",""
"https://rentalsegye.com/product.php?no=34630&cid=1379&gid=1408","https://tlpartner.speedycdn.net/data/file/item_code/990098083_QmYlbwPv_logo_coway_391x100.png","https://tlpartner.speedycdn.net/data/file/item_product/thumb-990093908_2mnYtUjx_thumb-1_600x600_224x224.png","BAS41-A","[코웨이] 스타일케어 비데","17,010","0","타사보상"
"https://rentalsegye.com/product.php?no=37091&cid=1379&gid=1408","https://tlpartner.speedycdn.net/data/file/item_code/990098083_pRQd9fUT_logo_cuckoo_499x100.png","https://tlpartner.speedycdn.net/data/file/item_product/thumb-2009612321_5xUdTG90_ECBAA1ECB298_224x224.jpg","CBT-KFFS31RW","[쿠쿠] 도기&노즐 살균비데","14,360","0","타사보상"
"https://rentalsegye.com/product.php?no=37092&cid=1379&gid=1408","https://tlpartner.speedycdn.net/data/file/item_code/990098083_pRQd9fUT_logo_cuckoo_499x100.png","https://tlpartner.speedycdn.net/data/file/item_product/thumb-2009612321_AEQSdm3F_ECBAA1ECB298_224x224.jpg","CBT-QSB1041W","[쿠쿠] 인스퓨어 트리플케어8 비데","17,760","0","타사보상"
"https://rentalsegye.com/product.php?no=38131&cid=1379&gid=1408","https://tlpartner.speedycdn.net/data/file/item_code/990098083_Vg5fGhCY_logo_ubus_281x100.png","https://tlpartner.speedycdn.net/data/file/item_product/thumb-238048643_At4vzV1i_BLA-24DE_224x224.jpg","BLA-24DE","[유버스] 베이직 비데","15,900","0",""
"https://rentalsegye.com/product.php?no=38133&cid=1379&gid=1408","https://tlpartner.speedycdn.net/data/file/item_code/990098083_Vg5fGhCY_logo_ubus_281x100.png","https://tlpartner.speedycdn.net/data/file/item_product/thumb-238048643_rYfK6xiB_BLAS-44BET_224x224.jpg","BLAS-44BET","[유버스] 듀얼 살균 비데","19,900","0",""
"https://rentalsegye.com/product.php?no=38139&cid=1379&gid=1408","https://tlpartner.speedycdn.net/data/file/item_code/990098083_5cBVIkhs_logo_wells_357x100.png","https://tlpartner.speedycdn.net/data/file/item_product/thumb-238047343_x1A9iSnq_BR550RWA_224x224.jpg","BR550RWA","[웰스] 올스텐 에어 비데","15,900","0","타사보상"
"https://rentalsegye.com/product.php?no=39650&cid=1379&gid=1408","https://tlpartner.speedycdn.net/data/file/item_code/990098083_DjOl7KZ4_logo_novita_260x100.png","https://tlpartner.speedycdn.net/data/file/item_product/thumb-990098083_bAz9FHRl_ECA09CEBAAA9EC9D84_EC9E85EBA0A5ED95B4ECA3BCEC84B8EC9A94_-001_281329_224x224.png","BD-AH70T","[노비타] 스마트 비데","10,500","0",""
"https://rentalsegye.com/product.php?no=39651&cid=1379&gid=1408","https://tlpartner.speedycdn.net/data/file/item_code/990098083_DjOl7KZ4_logo_novita_260x100.png","https://tlpartner.speedycdn.net/data/file/item_product/thumb-990098083_utd3DCAG_ECA09CEBAAA9EC9D84_EC9E85EBA0A5ED95B4ECA3BCEC84B8EC9A94_-001_281429_224x224.png","BD-AM10N","[노비타] 스마트 플러스 비데","12,500","0",""
"https://rentalsegye.com/product.php?no=39705&cid=1379&gid=1408","https://tlpartner.speedycdn.net/data/file/item_code/990098083_QmYlbwPv_logo_coway_391x100.png","https://tlpartner.speedycdn.net/data/file/item_product/thumb-990098083_ZWXvaERn_BA20-D_224x224.png","BA20-D","[코웨이] 프라임 비데 단체전용","16,900","0",""
"https://rentalsegye.com/product.php?no=40087&cid=1379&gid=1408","https://tlpartner.speedycdn.net/data/file/item_code/990098305_iTzkYfnr_logo_applebidet_399x100.png","https://tlpartner.speedycdn.net/data/file/item_product/thumb-990098083_B0p4gmAj_AB-K8846RNF_224x224.jpg","AB-K8846RNF","[애플비데] 리모콘 살균 비데","11,900","0",""
"https://rentalsegye.com/product.php?no=41358&cid=1379&gid=1408","https://tlpartner.speedycdn.net/data/file/item_code/990098083_QmYlbwPv_logo_coway_391x100.png","https://tlpartner.speedycdn.net/data/file/item_product/thumb-990098083_CYRxhvJU_BAS47-A_224x224.png","BAS47-A","[코웨이] 스스로케어 비데 리모트2","20,400","0",""
"https://rentalsegye.com/product.php?no=42328&cid=1379&gid=1408","https://tlpartner.speedycdn.net/data/file/item_code/990098083_RW3hHro1_logo_sk_194x100.png","https://tlpartner.speedycdn.net/data/file/item_product/thumb-990098083_6gwVp1ms_ECA09CEBAAA9EC9D84-EC9E85EBA0A5ED95B4ECA3BCEC84B8EC9A94_-001_-_2025-06-23T153853.352_224x224.png","BID-F17D","[SK매직] 풀스텐 스파 방수 비데","14,900","0",""
"https://rentalsegye.com/product.php?no=42329&cid=1379&gid=1408","https://tlpartner.speedycdn.net/data/file/item_code/990098083_RW3hHro1_logo_sk_194x100.png","https://tlpartner.speedycdn.net/data/file/item_product/thumb-990098083_3Ih1WJx6_ECA09CEBAAA9EC9D84-EC9E85EBA0A5ED95B4ECA3BCEC84B8EC9A94_-001_-_2025-06-23T154321.498_224x224.png","BID-F17DR54","[SK매직] 위글위글 풀스텐 스파 비데","15,900","0",""
"https://rentalsegye.com/product.php?no=42330&cid=1379&gid=1408","https://tlpartner.speedycdn.net/data/file/item_code/990098083_RW3hHro1_logo_sk_194x100.png","https://tlpartner.speedycdn.net/data/file/item_product/thumb-990098083_Rjvtg8sX_ECA09CEBAAA9EC9D84-EC9E85EBA0A5ED95B4ECA3BCEC84B8EC9A94_-001_-_2025-06-23T154802.700_224x224.png","BID-S17D","[SK매직] 풀스텐 살균 비데","15,900","0",""
"https://rentalsegye.com/product.php?no=43685&cid=1379&gid=1408","https://tlpartner.speedycdn.net/data/file/item_code/990098083_Vg5fGhCY_logo_ubus_281x100.png","https://tlpartner.speedycdn.net/data/file/item_product/thumb-990098305_O2qGBYw3_BL-15DE_480x480_224x224.png","BL-15DE","[유버스] 라이트 비데","9,900","0",""
"https://rentalsegye.com/product.php?no=47176&cid=1379&gid=1408","https://tlpartner.speedycdn.net/data/file/item_code/990098083_pRQd9fUT_logo_cuckoo_499x100.png","https://tlpartner.speedycdn.net/data/file/item_product/thumb-990098305_f0odR8G1_CBT-QSF1041W_224x224.jpg","CBT-QSF1041W","[쿠쿠] 인스퓨어 트리플 자동 물 내림 비데 화이트","15,210","0","타사보상"
"https://rentalsegye.com/product.php?no=47177&cid=1379&gid=1408","https://tlpartner.speedycdn.net/data/file/item_code/990098083_pRQd9fUT_logo_cuckoo_499x100.png","https://tlpartner.speedycdn.net/data/file/item_product/thumb-990098305_p3kBXAZ6_CBT-QF1041W_224x224.jpg","CBT-QF1041W","[쿠쿠] 인스퓨어 자동물내림 비데","15,900","0",""
"https://rentalsegye.com/product.php?no=47175&cid=1379&gid=1408","https://tlpartner.speedycdn.net/data/file/item_code/990098083_pRQd9fUT_logo_cuckoo_499x100.png","https://tlpartner.speedycdn.net/data/file/item_product/thumb-990098305_ekdjwgfq_CBT-L1032W_224x224.jpg","CBT-L1032W","[쿠쿠] 인스퓨어 비데","9,900","0",""
"https://rentalsegye.com/product.php?no=48636&cid=1379&gid=1408","https://tlpartner.speedycdn.net/data/file/item_code/990098083_3rUDe0nN_logo_chungho_525x100.png","https://tlpartner.speedycdn.net/data/file/item_product/thumb-990098305_oTEZqCAQ_BD-36D50_224x224.jpg","BD-36D50","[청호나이스] 쾌변 비데 B360","9,900","0","타사보상"
"https://rentalsegye.com/product.php?no=47831&cid=1379&gid=1408","https://tlpartner.speedycdn.net/data/file/item_code/990098083_IjlB1R02_logo_cesco_206x100.png","https://tlpartner.speedycdn.net/data/file/item_product/thumb-990098305_mtDQ5TGO_3j6vW8mEXas3JLmh8Fz6WuFZAgkRpM_224x224.webp","EBCB152","[세스코] 바디케어 유어핏 올인원살균방수 비데","15,900","0",""
"https://rentalsegye.com/product.php?no=47829&cid=1379&gid=1408","https://tlpartner.speedycdn.net/data/file/item_code/990098083_IjlB1R02_logo_cesco_206x100.png","https://tlpartner.speedycdn.net/data/file/item_product/thumb-990098305_M2qegkC7_h6NmW7dgGx51jBGl9CVTJfHJP5r3yz_224x224.webp","EBEB112","[세스코] 파워방수 비데 화이트","10,900","0",""
"https://rentalsegye.com/product.php?no=47828&cid=1379&gid=1408","https://tlpartner.speedycdn.net/data/file/item_code/990098083_IjlB1R02_logo_cesco_206x100.png","https://tlpartner.speedycdn.net/data/file/item_product/thumb-990098305_NnaWsdQm_1P8QaY9zFxbchSnXvln8GzmtZGzGlb_224x224.webp","EBEB132","[세스코] 살균방수 비데 화이트","12,900","0",""
"https://rentalsegye.com/product.php?no=47830&cid=1379&gid=1408","https://tlpartner.speedycdn.net/data/file/item_code/990098083_IjlB1R02_logo_cesco_206x100.png","https://tlpartner.speedycdn.net/data/file/item_product/thumb-990098305_j07oZqET_6JbgZVpJRQgMcpjZrvjBVYfeD5q44M_224x224.webp","EBCB142","[세스코] 바디케어 유어핏 듀얼살균방수 비데","13,900","0",""
"https://rentalsegye.com/product.php?no=45099&cid=1379&gid=1408","https://tlpartner.speedycdn.net/data/file/item_code/990098083_3rUDe0nN_logo_chungho_525x100.png","https://tlpartner.speedycdn.net/data/file/item_product/thumb-990098305_GwHLQWrM_BS-35D50P_480x480_224x224.png","BS-35D50P","[청호나이스] B600 플러스 비데","16,900","0","타사보상"
"https://rentalsegye.com/product.php?no=45100&cid=1379&gid=1408","https://tlpartner.speedycdn.net/data/file/item_code/990098083_3rUDe0nN_logo_chungho_525x100.png","https://tlpartner.speedycdn.net/data/file/item_product/thumb-990098305_9DMvKyq7_BD-40D60_480x480_224x224.png","BD-40D60","[청호나이스] 트윈 노즐 비데 B400","10,900","0","타사보상"
"https://rentalsegye.com/product.php?no=45159&cid=1379&gid=1408","https://tlpartner.speedycdn.net/data/file/item_code/990098083_QmYlbwPv_logo_coway_391x100.png","https://tlpartner.speedycdn.net/data/file/item_product/thumb-990098305_fZyjCGkv_BAS49-A_EBB2A0EC9DB4ECA780_224x224.png","BAS49-A","[코웨이] 룰루 슬리믹 비데","19,710","0","타사보상"
"https://rentalsegye.com/product.php?no=45403&cid=1379&gid=1408","https://tlpartner.speedycdn.net/data/file/item_code/990098083_RW3hHro1_logo_sk_194x100.png","https://tlpartner.speedycdn.net/data/file/item_product/thumb-990098305_jQKJcHC3_480_02_224x224.png","BID-S51DR15WH","[SK매직] 올클린 케어 비데","23,900","0","반값할인"
"https://rentalsegye.com/product.php?no=45444&cid=1379&gid=1408","https://tlpartner.speedycdn.net/data/file/item_code/990098083_pRQd9fUT_logo_cuckoo_499x100.png","https://tlpartner.speedycdn.net/data/file/item_product/thumb-990098305_ogXw2691_CBT-QS1041RW_480x480_224x224.png","CBT-QS1041RW","[쿠쿠] 인스퓨어 트리플케어8 리모컨 비데","17,900","0",""
"https://rentalsegye.com/product.php?no=49320&cid=1379&gid=1408","https://tlpartner.speedycdn.net/data/file/item_code/990098083_5cBVIkhs_logo_wells_357x100.png","https://tlpartner.speedycdn.net/data/file/item_product/thumb-990098305_NHbD8ldZ_BT660_224x224.jpg","BT660","[웰스] 스파원 비데","16,900","0",""
"https://rentalsegye.com/product.php?no=47044&cid=1379&gid=1408","https://tlpartner.speedycdn.net/data/file/item_code/990098305_iTzkYfnr_logo_applebidet_399x100.png","https://tlpartner.speedycdn.net/data/file/item_product/thumb-990098305_hA3xwnSX_APPLE-K3811_224x224.png","APPLE-K3811","[애플비데] 에이트 비데","6,900","0",""
"https://rentalsegye.com/product.php?no=47045&cid=1379&gid=1408","https://tlpartner.speedycdn.net/data/file/item_code/990098305_iTzkYfnr_logo_applebidet_399x100.png","https://tlpartner.speedycdn.net/data/file/item_product/thumb-990098305_hdPVy6uD_APPLE-K8846RNF_224x224.png","APPLE-K8846RNF","[애플비데] 직수 노즐살균 리모컨 비데","9,900","0",""
"https://rentalsegye.com/product.php?no=47051&cid=1379&gid=1408","https://tlpartner.speedycdn.net/data/file/item_code/990098083_DjOl7KZ4_logo_novita_260x100.png","https://tlpartner.speedycdn.net/data/file/item_product/thumb-990098305_gEYGbilP_BD-H720H0_224x224.png","BD-H720H0","[노비타] 자동 살균 비데","12,500","0",""
"https://rentalsegye.com/product.php?no=47052&cid=1379&gid=1408","https://tlpartner.speedycdn.net/data/file/item_code/990098083_DjOl7KZ4_logo_novita_260x100.png","https://tlpartner.speedycdn.net/data/file/item_product/thumb-990098305_9LjuoS6P_BD-MCS4-03SB_224x224.png","BD-MCS4-03SB","[노비타] 슬림 컴팩트 비데","8,900","0",""
"https://rentalsegye.com/product.php?no=47213&cid=1379&gid=1408","https://tlpartner.speedycdn.net/data/file/item_code/990098083_5cBVIkhs_logo_wells_357x100.png","https://tlpartner.speedycdn.net/data/file/item_product/thumb-990098305_KmRsXSel_BT552_224x224.jpg","BT552","[웰스] 비데 케어+","15,900","0","타사보상"
"https://rentalsegye.com/product.php?no=49321&cid=1379&gid=1408","https://tlpartner.speedycdn.net/data/file/item_code/990098083_5cBVIkhs_logo_wells_357x100.png","https://tlpartner.speedycdn.net/data/file/item_product/thumb-990098305_GvrZ4uPU_BT762_224x224.jpg","BT762","[웰스] 스파원 비데 케어+","18,900","0",""
"https://rentalsegye.com/product.php?no=47723&cid=1379&gid=1408","https://tlpartner.speedycdn.net/data/file/item_code/990098305_iTzkYfnr_logo_applebidet_399x100.png","https://tlpartner.speedycdn.net/data/file/item_product/thumb-990098305_Bf59lTzD_APPLE-K9616_224x224.jpg","APPLE-K9616","[애플비데] 프리미엄 쾌변 비데","10,900","0",""
"https://rentalsegye.com/product.php?no=47915&cid=1379&gid=1408","https://tlpartner.speedycdn.net/data/file/item_code/990098083_3rUDe0nN_logo_chungho_525x100.png","https://tlpartner.speedycdn.net/data/file/item_product/thumb-990098305_klCpISyE_6rBcfHr6GnM34AGxgDsTZxfKrV7PeU_224x224.jpg","BS-65D70","[청호나이스] 비데 B700","17,900","0","타사보상"
"https://rentalsegye.com/product.php?no=48458&cid=1379&gid=1408","https://tlpartner.speedycdn.net/data/file/item_code/990098083_DjOl7KZ4_logo_novita_260x100.png","https://tlpartner.speedycdn.net/data/file/item_product/thumb-990098305_R8lQx53A_BD-LCS4RB_224x224.jpg","BD-LCS4RB","[노비타] 슬림 컴팩트 리모컨 방수 비데","11,900","0",""
"https://rentalsegye.com/product.php?no=48459&cid=1379&gid=1408","https://tlpartner.speedycdn.net/data/file/item_code/990098305_YmrvaHWd_logo_ruhens_496x100.png","https://tlpartner.speedycdn.net/data/file/item_product/thumb-990098305_hNderF6L_WHB-5300_224x224.webp","WHB-5300","[루헨스] 퍼펙트 웨이브 비데","16,900","0",""
"https://rentalsegye.com/product.php?no=48460&cid=1379&gid=1408","https://tlpartner.speedycdn.net/data/file/item_code/990098305_YmrvaHWd_logo_ruhens_496x100.png","https://tlpartner.speedycdn.net/data/file/item_product/thumb-990098305_hZOlyRzc_WHB-5400_224x224.webp","WHB-5400","[루헨스] 퍼펙트 클린 비데","13,900","0",""
"https://rentalsegye.com/product.php?no=48461&cid=1379&gid=1408","https://tlpartner.speedycdn.net/data/file/item_code/990098305_YmrvaHWd_logo_ruhens_496x100.png","https://tlpartner.speedycdn.net/data/file/item_product/thumb-990098305_HqFwoxfN_WHB-5410_224x224.webp","WHB-5410","[루헨스] 퍼펙트 클린 리모컨 비데","22,900","0",""
"https://rentalsegye.com/product.php?no=48605&cid=1379&gid=1408","https://tlpartner.speedycdn.net/data/file/item_code/990098083_QmYlbwPv_logo_coway_391x100.png","https://tlpartner.speedycdn.net/data/file/item_product/990098305_lGBpWKmE_ezgif.com-animated-gif-maker_28629.gif","BAS51-A","[코웨이] 더매너 비데 플러스","28,900","0","반값할인"