"product-card href","card-logo src","card-img src","card-label","card-model","card-desc","card-price","card-price 2"
"https://www.rentalsegye.com/product.php?no=42272&cid=1377&gid=1424","https://tlpartner.speedycdn.net/data/file/item_code/990098083_RW3hHro1_logo_sk_194x100.png","https://tlpartner.speedycdn.net/data/file/item_product/990098305_DELZe3qm_ECA09CEBAAA9EC9D84_EC9E85EBA0A5ED95B4ECA3BCEC84B8EC9A94._283229.gif","반값할인","WPU-IAC414","[SK매직] 원코크 얼음물 직수얼음 정수기","39,400","13,400"
"https://www.rentalsegye.com/product.php?no=26139&cid=1377&gid=1424","https://tlpartner.speedycdn.net/data/file/item_code/990098083_QmYlbwPv_logo_coway_391x100.png","https://tlpartner.speedycdn.net/data/file/item_product/990098083_6Ln4frNF_CPI-7400N_V2_400x400.gif","반값할인","CPI-7400N","[코웨이] 아이콘 얼음정수기","37,260","7,260"
"https://www.rentalsegye.com/product.php?no=32208&cid=1377&gid=1424","https://tlpartner.speedycdn.net/data/file/item_code/990098083_3rUDe0nN_logo_chungho_525x100.png","https://tlpartner.speedycdn.net/data/file/item_product/990098083_DcYy5CdX_WI-36C90620N_400x400.gif","BEST","WI-36C90620N","[청호나이스] 얼음냉온정수기 뉴 아이스트리","39,900","9,900"
"https://www.rentalsegye.com/product.php?no=41298&cid=1377&gid=1424","https://tlpartner.speedycdn.net/data/file/item_code/990098083_QmYlbwPv_logo_coway_391x100.png","https://tlpartner.speedycdn.net/data/file/item_product/990098083_sBT4FvhY_CHP-7212N_400x400.gif","반값할인","CHP-7212N","[코웨이] 아이콘 프로","26,910","0"
"https://www.rentalsegye.com/product.php?no=42269&cid=1377&gid=1424","https://tlpartner.speedycdn.net/data/file/item_code/990098083_RW3hHro1_logo_sk_194x100.png","https://tlpartner.speedycdn.net/data/file/item_product/990098305_5sSZxIWG_WPU-JAC115S_480x480.gif","반값할인","WPU-JAC115","[SK매직] 초소형 플러스 직수 정수기","24,900","0"
"https://www.rentalsegye.com/product.php?no=47139&cid=1377&gid=1424","https://tlpartner.speedycdn.net/data/file/item_code/990098083_QmYlbwPv_logo_coway_391x100.png","https://tlpartner.speedycdn.net/data/file/item_product/990098305_6Vy2AgHc_ECA09CEBAAA9EC9D84-EC9E85EBA0A5ED95B4ECA3BCEC84B8EC9A94__281629.gif","반값할인","CHP-7220N","[코웨이] 아이콘 정수기3","26,010","0"
"https://www.rentalsegye.com/product.php?no=47810&cid=1377&gid=1424","https://tlpartner.speedycdn.net/data/file/item_code/990098083_3rUDe0nN_logo_chungho_525x100.png","https://tlpartner.speedycdn.net/data/file/item_product/thumb-990098305_YrmMFKQS_WI-37C90720N_EC8DB82_224x224.jpg","타사보상","WI-37C90720N","[청호나이스] 미니 얼음 냉온정수기 The M","36,900","6,900"
"https://www.rentalsegye.com/product.php?no=43137&cid=1377&gid=1424","https://tlpartner.speedycdn.net/data/file/item_code/990098083_QmYlbwPv_logo_coway_391x100.png","https://tlpartner.speedycdn.net/data/file/item_product/990098083_fEHZuyS3_CHPI-7430N_480x480.gif","반값할인","CHPI-7430N","[코웨이] 아이콘 얼음정수기 미니","38,610","8,610"
"https://www.rentalsegye.com/product.php?no=43140&cid=1377&gid=1424","https://tlpartner.speedycdn.net/data/file/item_code/990098083_QmYlbwPv_logo_coway_391x100.png","https://tlpartner.speedycdn.net/data/file/item_product/990098083_utPR8G3C_CHPI-7410N_480x480.gif","반값할인","CHPI-7410N","[코웨이] 아이콘 얼음정수기 스탠다드 (냉온정)","41,310","11,310"
"https://www.rentalsegye.com/product.php?no=43527&cid=1377&gid=1424","https://tlpartner.speedycdn.net/data/file/item_code/990098083_QmYlbwPv_logo_coway_391x100.png","https://tlpartner.speedycdn.net/data/file/item_product/990098083_dif9l8rb_ECA09CEBAAA9EC9D84-EC9E85EBA0A5ED95B4ECA3BCEC84B8EC9A94__281129.gif","반값할인","CHPI-7420N","[코웨이] 아이콘 얼음정수기 맥스","44,010","14,010"
"https://www.rentalsegye.com/product.php?no=25600&cid=1377&gid=1424","https://tlpartner.speedycdn.net/data/file/item_code/990098083_QmYlbwPv_logo_coway_391x100.png","https://tlpartner.speedycdn.net/data/file/item_product/990098083_bRY5Ljqd_CHP-7211N_480x480.gif","반값할인","CHP-7211N","[코웨이] 아이콘 정수기2","25,560","0"
"https://www.rentalsegye.com/product.php?no=42268&cid=1377&gid=1424","https://tlpartner.speedycdn.net/data/file/item_code/990098083_RW3hHro1_logo_sk_194x100.png","https://tlpartner.speedycdn.net/data/file/item_product/990098305_yHuNxJmI_ECA09CEBAAA9EC9D84_EC9E85EBA0A5ED95B4ECA3BCEC84B8EC9A94._283329.gif","반값할인","WPU-IAC425S","[SK매직] 원코크 플러스 얼음물 정수기","39,000","13,000"
"https://www.rentalsegye.com/product.php?no=32998&cid=1377&gid=1424","https://tlpartner.speedycdn.net/data/file/item_code/990098083_qZYoMiDH_logo_quming_325x100.png","https://tlpartner.speedycdn.net/data/file/item_product/thumb-2039834054_QLf60pXh_1677735833_psyERJxt_3_224x224.jpg","","HQPM11C","[현대큐밍] 더슬림 마이핏 냉온정수기","19,900","0"
"https://www.rentalsegye.com/product.php?no=19824&cid=1377&gid=1424","https://tlpartner.speedycdn.net/data/file/item_code/990098083_pRQd9fUT_logo_cuckoo_499x100.png","https://tlpartner.speedycdn.net/data/file/item_product/thumb-990098083_akFLoexO_ECA09CEBAAA9EC9D84_EC9E85EBA0A5ED95B4ECA3BCEC84B8EC9A94_-001_-_2025-03-27T154622.671_224x224.png","","CP-U011W/B","[쿠쿠] 인스퓨어 직수정수기","12,900","0"
"https://www.rentalsegye.com/product.php?no=27966&cid=1377&gid=1424","https://tlpartner.speedycdn.net/data/file/item_code/990098083_pRQd9fUT_logo_cuckoo_499x100.png","https://tlpartner.speedycdn.net/data/file/item_product/thumb-990098083_xTyeYlgk_ECA09CEBAAA9EC9D84_EC9E85EBA0A5ED95B4ECA3BCEC84B8EC9A94_-001_-_2025-03-27T170905.866_224x224.png","타사보상","CP-ABS100GWH/GPK","[쿠쿠] 인스퓨어 STEAM 100 끓인 물 정수기","24,210","0"
"https://www.rentalsegye.com/product.php?no=33089&cid=1377&gid=1424","https://tlpartner.speedycdn.net/data/file/item_code/990098083_QmYlbwPv_logo_coway_391x100.png","https://tlpartner.speedycdn.net/data/file/item_product/thumb-2009614355_8a0LpBSK_thumb-ID0101_4582_attimg_org_600x600_224x224.png","타사보상","CHP-6340L","[코웨이] 엘리트 정수기","27,810","0"
"https://www.rentalsegye.com/product.php?no=36388&cid=1377&gid=1424","https://tlpartner.speedycdn.net/data/file/item_code/990098083_pRQd9fUT_logo_cuckoo_499x100.png","https://tlpartner.speedycdn.net/data/file/item_product/990098083_kerDvt2q_CP-AHS100HE_480x480.gif","타사보상","CP-AHS100HEW/EG/EBR/EB/PK","[쿠쿠] 제로 100 슬림 얼음 정수기","36,810","10,810"
"https://www.rentalsegye.com/product.php?no=38406&cid=1377&gid=1424","https://tlpartner.speedycdn.net/data/file/item_code/990098083_TtgPoe0h_logo_lg_372x100.png","https://tlpartner.speedycdn.net/data/file/item_product/thumb-990098083_XexMZ5JV_ECA09CEBAAA9EC9D84_EC9E85EBA0A5ED95B4ECA3BCEC84B8EC9A94_-001_286829_224x224.png","타사보상","WU523ACB/WB","[LG] 퓨리케어 오브제컬렉션 빌트인 냉온정수기","23,900","0"
"https://www.rentalsegye.com/product.php?no=24544&cid=1377&gid=1424","https://tlpartner.speedycdn.net/data/file/item_code/990098083_5cBVIkhs_logo_wells_357x100.png","https://tlpartner.speedycdn.net/data/file/item_product/thumb-2041769634_avWQbT5G_1646014241_T8qlUVJ4_1_224x224.jpg","타사보상","WP270UWA","[웰스] 미네랄 중형 스탠드 PLUS 냉온정수기","29,900","4,900"
"https://www.rentalsegye.com/product.php?no=24545&cid=1377&gid=1424","https://tlpartner.speedycdn.net/data/file/item_code/990098083_5cBVIkhs_logo_wells_357x100.png","https://tlpartner.speedycdn.net/data/file/item_product/thumb-2041769634_RAcHYdpC_1646014241_T8qlUVJ4_1_224x224.jpg","타사보상","WP270UWA","[웰스] 미네랄 중형 스탠드 PLUS 냉온정수기 (업소용)","36,900","11,900"
"https://www.rentalsegye.com/product.php?no=37469&cid=1377&gid=1424","https://tlpartner.speedycdn.net/data/file/item_code/990098083_TtgPoe0h_logo_lg_372x100.png","https://tlpartner.speedycdn.net/data/file/item_product/thumb-990098083_nRSMAL8q_ECA09CEBAAA9EC9D84_EC9E85EBA0A5ED95B4ECA3BCEC84B8EC9A94_-001_286229_224x224.png","타사보상","WD220MCB/NB","[LG] 퓨리케어 오브제컬렉션 라이트온 온정수기","16,900","0"
"https://www.rentalsegye.com/product.php?no=11145&cid=1377&gid=1424","https://tlpartner.speedycdn.net/data/file/item_code/990098083_QmYlbwPv_logo_coway_391x100.png","https://tlpartner.speedycdn.net/data/file/item_product/thumb-3717215401_8x5CziFh_EC8DB8EB84A4EC9DBC1_224x224.png","","CHP-700L","[코웨이] 정수기","60,100","30,100"
"https://www.rentalsegye.com/product.php?no=11147&cid=1377&gid=1424","https://tlpartner.speedycdn.net/data/file/item_code/990098083_QmYlbwPv_logo_coway_391x100.png","https://tlpartner.speedycdn.net/data/file/item_product/thumb-3717215401_d5E8DQMR_EC8DB8EB84A4EC9DBC1_224x224.png","","CHP-5700R","[코웨이] 시루직수 워터 스탠드(냉온정)","51,900","21,900"
"https://www.rentalsegye.com/product.php?no=11180&cid=1377&gid=1424","https://tlpartner.speedycdn.net/data/file/item_code/990098083_QmYlbwPv_logo_coway_391x100.png","https://tlpartner.speedycdn.net/data/file/item_product/thumb-990098083_Tol7uzXj_ECA09CEBAAA9EC9D84_EC9E85EBA0A5ED95B4ECA3BCEC84B8EC9A94_-001_289029_224x224.png","타사보상","CHPI-620L","[코웨이] 아이스 스탠드 슬림","44,010","14,010"
"https://www.rentalsegye.com/product.php?no=11187&cid=1377&gid=1424","https://tlpartner.speedycdn.net/data/file/item_code/990098083_QmYlbwPv_logo_coway_391x100.png","https://tlpartner.speedycdn.net/data/file/item_product/thumb-990098083_bY6FaDlP_ECA09CEBAAA9EC9D84_EC9E85EBA0A5ED95B4ECA3BCEC84B8EC9A94_-001_289129_224x224.png","타사보상","CHPI-5801L","[코웨이] 아이스 스탠드 (냉온정)","50,310","20,310"
"https://www.rentalsegye.com/product.php?no=11231&cid=1377&gid=1424","https://tlpartner.speedycdn.net/data/file/item_code/990098083_Vg5fGhCY_logo_ubus_281x100.png","https://tlpartner.speedycdn.net/data/file/item_product/thumb-238047466_jaFMIdSt_ECA09CEBAAA9EC9D84_EC9E85EBA0A5ED95B4ECA3BCEC84B8EC9A94_-001_-_2024-02-02T091650.644_224x224.png","","UBUS-P202HUF","[유버스] 냉온정수기","19,900","0"
"https://www.rentalsegye.com/product.php?no=11237&cid=1377&gid=1424","https://tlpartner.speedycdn.net/data/file/item_code/990098083_QmYlbwPv_logo_coway_391x100.png","https://tlpartner.speedycdn.net/data/file/item_product/thumb-2041769691_WtMkS9qY_ID0105_2756_attimg_org_224x224.png","반값할인","CPSI-8510L","[코웨이] AIS 정수기 3.0 스파클링(냉정)","44,010","14,010"
"https://www.rentalsegye.com/product.php?no=11284&cid=1377&gid=1424","https://tlpartner.speedycdn.net/data/file/item_code/990098083_pRQd9fUT_logo_cuckoo_499x100.png","https://tlpartner.speedycdn.net/data/file/item_product/thumb-990098083_M4cn9Jgo_ECA09CEBAAA9EC9D84_EC9E85EBA0A5ED95B4ECA3BCEC84B8EC9A94_-001_-_2025-03-27T162318.795_224x224.png","","CP-TS100WS/DSL/GWH/GPK","[쿠쿠] 인앤아웃 10'S 100℃ 끓는 물 정수기","20,900","0"
"https://www.rentalsegye.com/product.php?no=11309&cid=1377&gid=1424","https://tlpartner.speedycdn.net/data/file/item_code/990098083_pRQd9fUT_logo_cuckoo_499x100.png","https://tlpartner.speedycdn.net/data/file/item_product/thumb-990093989_9XCAVkP3_EBA994EC9DB8_1_224x224.png","","CP-X501HW","[쿠쿠] 인스퓨어 슬림 냉온정수기","18,900","0"
"https://www.rentalsegye.com/product.php?no=11310&cid=1377&gid=1424","https://tlpartner.speedycdn.net/data/file/item_code/990098083_pRQd9fUT_logo_cuckoo_499x100.png","https://tlpartner.speedycdn.net/data/file/item_product/thumb-990093989_rmslR6iI_EBA994EC9DB8_1_224x224.png","","CP-X501SW","[쿠쿠] 인스퓨어 슬림 냉온정수기","19,900","0"
"https://www.rentalsegye.com/product.php?no=11311&cid=1377&gid=1424","https://tlpartner.speedycdn.net/data/file/item_code/990098083_pRQd9fUT_logo_cuckoo_499x100.png","https://tlpartner.speedycdn.net/data/file/item_product/thumb-990093989_M8mxjvsR_EBA994EC9DB8_1_224x224.png","","CP-QN3002S","[쿠쿠] 인스퓨어 대용량 냉온정수기","27,900","1,900"
"https://www.rentalsegye.com/product.php?no=11361&cid=1377&gid=1424","https://tlpartner.speedycdn.net/data/file/item_code/990098083_qZYoMiDH_logo_quming_325x100.png","https://tlpartner.speedycdn.net/data/file/item_product/thumb-990098083_NTrpRsDn_P-B30S_ED9994EC9DB4ED8AB8_224x224.jpg","","P-B30S","[현대큐밍] 더퓨어 베이직 냉온정수기","16,900","0"
"https://www.rentalsegye.com/product.php?no=11366&cid=1377&gid=1424","https://tlpartner.speedycdn.net/data/file/item_code/990098083_qZYoMiDH_logo_quming_325x100.png","https://tlpartner.speedycdn.net/data/file/item_product/thumb-990093989_Msw6YPOR_EBA994EC9DB8_1_224x224.png","","P-P32CS","[현대큐밍] 더퓨어 플러스 살균 냉온정수기 (하프형)","20,900","0"
"https://www.rentalsegye.com/product.php?no=11367&cid=1377&gid=1424","https://tlpartner.speedycdn.net/data/file/item_code/990098083_qZYoMiDH_logo_quming_325x100.png","https://tlpartner.speedycdn.net/data/file/item_product/thumb-990093989_nkE4BcJF_EBA994EC9DB8_1_224x224.png","","P-P32SS","[현대큐밍] 더퓨어 플러스 살균 냉온정수기 (스탠드형)","21,900","0"
"https://www.rentalsegye.com/product.php?no=11371&cid=1377&gid=1424","https://tlpartner.speedycdn.net/data/file/item_code/990098083_qZYoMiDH_logo_quming_325x100.png","https://tlpartner.speedycdn.net/data/file/item_product/thumb-990093989_YaqDQ4fe_EBA994EC9DB8_1_224x224.png","","P-R40C(R)S","[현대큐밍] 프리미엄RO 냉온정수기 (하프형)","26,900","1,900"
"https://www.rentalsegye.com/product.php?no=11379&cid=1377&gid=1424","https://tlpartner.speedycdn.net/data/file/item_code/990098083_qZYoMiDH_logo_quming_325x100.png","https://tlpartner.speedycdn.net/data/file/item_product/thumb-990093989_6eqgrAh4_EBA994EC9DB81_224x224.png","","P-M15CB","[현대큐밍] 더슬림 미니 정수전용 정수기","12,900","0"
"https://www.rentalsegye.com/product.php?no=11392&cid=1377&gid=1424","https://tlpartner.speedycdn.net/data/file/item_code/990098083_3rUDe0nN_logo_chungho_525x100.png","https://tlpartner.speedycdn.net/data/file/item_product/thumb-990093989_x4BDYdRi_EBA994EC9DB8_1_224x224.png","타사보상","WP-45S9P010M","[청호나이스] 뉴디지털 냉온정수기","32,900","2,900"
"https://www.rentalsegye.com/product.php?no=11396&cid=1377&gid=1424","https://tlpartner.speedycdn.net/data/file/item_code/990098083_3rUDe0nN_logo_chungho_525x100.png","https://tlpartner.speedycdn.net/data/file/item_product/thumb-990098305_l460jEMZ_WP-43C60000M_480x480_224x224.png","타사보상","WP-43C60000M","[청호나이스] 일반정수기 TIDY","15,900","0"
"https://www.rentalsegye.com/product.php?no=11404&cid=1377&gid=1424","https://tlpartner.speedycdn.net/data/file/item_code/990098083_3rUDe0nN_logo_chungho_525x100.png","https://tlpartner.speedycdn.net/data/file/item_product/thumb-990098305_lyTVZhXw_WP-45C90020M_224x224.jpg","타사보상","WP-45C90020M","[청호나이스] 냉온정수기 450","21,900","0"
"https://www.rentalsegye.com/product.php?no=28120&cid=1377&gid=1424","https://tlpartner.speedycdn.net/data/file/item_code/990098083_pRQd9fUT_logo_cuckoo_499x100.png","https://tlpartner.speedycdn.net/data/file/item_product/thumb-3554642403_xr80MadQ_ed4d6870ff97eb5945604f3b9df06afa_224x224.jpg","","CP-W601SW","[쿠쿠] 인스퓨어 냉온정수기","20,900","0"
"https://www.rentalsegye.com/product.php?no=28121&cid=1377&gid=1424","https://tlpartner.speedycdn.net/data/file/item_code/990098083_pRQd9fUT_logo_cuckoo_499x100.png","https://tlpartner.speedycdn.net/data/file/item_product/thumb-3554642403_6oCvfFh9_3699108217_oh4yfP3K_CP-W602SW_224x224.jpg","","CP-W602SW","[쿠쿠] 인스퓨어 냉온정수기","18,900","0"
"https://www.rentalsegye.com/product.php?no=14943&cid=1377&gid=1424","https://tlpartner.speedycdn.net/data/file/item_code/990098083_3rUDe0nN_logo_chungho_525x100.png","https://tlpartner.speedycdn.net/data/file/item_product/thumb-2041769588_3fUyKOJL_1619402431_3KUdPmxW_EB8389_224x224.jpg","","WP-30C9560N","[청호나이스] 냉온정수기","24,900","0"
"https://www.rentalsegye.com/product.php?no=15221&cid=1377&gid=1424","https://tlpartner.speedycdn.net/data/file/item_code/990098083_qZYoMiDH_logo_quming_325x100.png","https://tlpartner.speedycdn.net/data/file/item_product/thumb-990098083_Roleasm9_P-B30CB_224x224.jpg","","P-B30C","[현대큐밍] 더퓨어 베이직 냉온정수기","16,900","0"
"https://www.rentalsegye.com/product.php?no=41335&cid=1377&gid=1424","https://tlpartner.speedycdn.net/data/file/item_code/990098083_QmYlbwPv_logo_coway_391x100.png","https://tlpartner.speedycdn.net/data/file/item_product/thumb-990098083_i86Wxyzr_ECA09CEBAAA9EC9D84_EC9E85EBA0A5ED95B4ECA3BCEC84B8EC9A94_-001_-_2025-05-16T155105.807_224x224.png","반값할인","CHPI-7521L","[코웨이] 얼음정수기 RO","36,360","6,360"
"https://www.rentalsegye.com/product.php?no=17341&cid=1377&gid=1424","https://tlpartner.speedycdn.net/data/file/item_code/990098083_QmYlbwPv_logo_coway_391x100.png","https://tlpartner.speedycdn.net/data/file/item_product/thumb-238048619_b4ALS32r_thumb-2041769691_SCNJxRo8_ID0105_2749_attimg_org_400x400_224x224.png","반값할인","CPI-7511L","[코웨이] AIS (아이스) 3.0 정수기 IoCare","34,560","4,560"
"https://www.rentalsegye.com/product.php?no=17343&cid=1377&gid=1424","https://tlpartner.speedycdn.net/data/file/item_code/990098083_QmYlbwPv_logo_coway_391x100.png","https://tlpartner.speedycdn.net/data/file/item_product/thumb-2041769691_wcMelZFH_27909044522.20210708114726_224x224.jpg","반값할인","CHPI-7511L","[코웨이] AIS (아이스) 3.0 정수기 IoCare","38,160","8,160"
"https://www.rentalsegye.com/product.php?no=18011&cid=1377&gid=1424","https://tlpartner.speedycdn.net/data/file/item_code/990098083_5cBVIkhs_logo_wells_357x100.png","https://tlpartner.speedycdn.net/data/file/item_product/thumb-3731255706_HYlgpvJk_00658373427_224x224.png","타사보상","WK470","[웰스] 미네랄 대형 스탠드 정수기","51,900","26,900"
"https://www.rentalsegye.com/product.php?no=19340&cid=1377&gid=1424","https://tlpartner.speedycdn.net/data/file/item_code/990098083_qZYoMiDH_logo_quming_325x100.png","https://tlpartner.speedycdn.net/data/file/item_product/thumb-1982374971_VcfNEg0M_20210809090038_86961_224x224.png","","P-A52C","[현대큐밍] 더퓨어 알파 UV 카운터 냉온정수기","22,900","0"
"https://www.rentalsegye.com/product.php?no=19341&cid=1377&gid=1424","https://tlpartner.speedycdn.net/data/file/item_code/990098083_qZYoMiDH_logo_quming_325x100.png","https://tlpartner.speedycdn.net/data/file/item_product/thumb-1982374971_nx7Nubdy_20210809090705_488526_224x224.png","","P-A52S","[현대큐밍] 더퓨어 알파 UV 스탠드 냉온정수기","23,900","0"
"https://www.rentalsegye.com/product.php?no=19829&cid=1377&gid=1424","https://tlpartner.speedycdn.net/data/file/item_code/990098083_pRQd9fUT_logo_cuckoo_499x100.png","https://tlpartner.speedycdn.net/data/file/item_product/thumb-3554642368_mlFPLj9s_1_224x224.png","","CP-DN2001S","[쿠쿠] 업소용 대용량 냉온정수기 L","25,900","0"
"https://www.rentalsegye.com/product.php?no=19867&cid=1377&gid=1424","https://tlpartner.speedycdn.net/data/file/item_code/990098083_3rUDe0nN_logo_chungho_525x100.png","https://tlpartner.speedycdn.net/data/file/item_product/thumb-1995136977_B41A7pG2_WI-53C9600M_224x224.jpg","","WI-53C9600M","[청호나이스] 얼음 냉온정수기 OMNI plus","31,900","1,900"
"https://www.rentalsegye.com/product.php?no=42270&cid=1377&gid=1424","https://tlpartner.speedycdn.net/data/file/item_code/990098083_RW3hHro1_logo_sk_194x100.png","https://tlpartner.speedycdn.net/data/file/item_product/thumb-990098305_Lq0FRvP5_WPU-JAC104SWW_480x480_224x224.png","반값할인","WPU-JAC104S(WW)","[SK매직] 초소형 직수 정수기 위글위글","26,000","0"
"https://www.rentalsegye.com/product.php?no=42274&cid=1377&gid=1424","https://tlpartner.speedycdn.net/data/file/item_code/990098083_RW3hHro1_logo_sk_194x100.png","https://tlpartner.speedycdn.net/data/file/item_product/990098305_u5Tr0F19_ECA09CEBAAA9EC9D84-EC9E85EBA0A5ED95B4ECA3BCEC84B8EC9A94__281229.gif","반값할인","WPU-JAC104S","[SK매직] 초소형 직수 정수기","26,000","0"
"https://www.rentalsegye.com/product.php?no=19869&cid=1377&gid=1424","https://tlpartner.speedycdn.net/data/file/item_code/990098083_3rUDe0nN_logo_chungho_525x100.png","https://tlpartner.speedycdn.net/data/file/item_product/thumb-2009614355_O9ESeVR1_1676355239_Rcg3Sxik_1_224x224.jpg","","WI-53C8600M","[청호나이스] 얼음 냉정수기 OMNI plus","29,900","0"
"https://www.rentalsegye.com/product.php?no=19880&cid=1377&gid=1424","https://tlpartner.speedycdn.net/data/file/item_code/990098083_3rUDe0nN_logo_chungho_525x100.png","https://tlpartner.speedycdn.net/data/file/item_product/thumb-2041769626_oga9kK8i_20180104173857104779_224x224.png","타사보상","WP-40C60000M","[청호나이스] 일반정수기 S","13,900","0"
"https://www.rentalsegye.com/product.php?no=19899&cid=1377&gid=1424","https://tlpartner.speedycdn.net/data/file/item_code/990098083_5cBVIkhs_logo_wells_357x100.png","https://tlpartner.speedycdn.net/data/file/item_product/thumb-2039833993_6Xmi79OB_00300172170_224x224.png","타사보상","WK370","웰스 정수기 미네랄 중대형 스탠드 정수기 20L","41,900","16,900"
"https://www.rentalsegye.com/product.php?no=19901&cid=1377&gid=1424","https://tlpartner.speedycdn.net/data/file/item_code/990098083_5cBVIkhs_logo_wells_357x100.png","https://tlpartner.speedycdn.net/data/file/item_product/thumb-2039833993_uPKs5hcD_995760363_224x224.png","타사보상","WM071RWA","[웰스] 정수기 RO","35,900","10,900"
"https://www.rentalsegye.com/product.php?no=20169&cid=1377&gid=1424","https://tlpartner.speedycdn.net/data/file/item_code/990098083_TtgPoe0h_logo_lg_372x100.png","https://tlpartner.speedycdn.net/data/file/item_product/thumb-990098083_I2dmaFhH_ECA09CEBAAA9EC9D84_EC9E85EBA0A5ED95B4ECA3BCEC84B8EC9A94_-001_287029_224x224.png","타사보상","WD325AS","[LG] 퓨리케어 상하좌우 냉정수기 실버","16,900","0"
"https://www.rentalsegye.com/product.php?no=20174&cid=1377&gid=1424","https://tlpartner.speedycdn.net/data/file/item_code/990098083_TtgPoe0h_logo_lg_372x100.png","https://tlpartner.speedycdn.net/data/file/item_product/990098305_9uoXK8pa_WD525ACBGB_480x480.gif","타사보상","WD525ACB/GB","[LG] 오브제컬렉션 ALL직수 상하좌우 냉온정수기","19,900","0"
"https://www.rentalsegye.com/product.php?no=21741&cid=1377&gid=1424","https://tlpartner.speedycdn.net/data/file/item_code/990098083_pRQd9fUT_logo_cuckoo_499x100.png","https://tlpartner.speedycdn.net/data/file/item_product/thumb-3554642388_yscX0hOg_12dcc_224x224.jpg","","CP-WS601SW","[쿠쿠] 인스퓨어 코크살균 냉온정수기","21,900","0"
"https://www.rentalsegye.com/product.php?no=20909&cid=1377&gid=1424","https://tlpartner.speedycdn.net/data/file/item_code/990098083_QmYlbwPv_logo_coway_391x100.png","https://tlpartner.speedycdn.net/data/file/item_product/thumb-990098083_V8aU6RCs_ECA09CEBAAA9EC9D84_EC9E85EBA0A5ED95B4ECA3BCEC84B8EC9A94_-001_289629_224x224.png","타사보상","CHP-3140N","[코웨이] 노블 정수기 빌트인 (냉온정)","32,760","2,760"
"https://www.rentalsegye.com/product.php?no=20913&cid=1377&gid=1424","https://tlpartner.speedycdn.net/data/file/item_code/990098083_QmYlbwPv_logo_coway_391x100.png","https://tlpartner.speedycdn.net/data/file/item_product/thumb-990098083_ZfVNIgUc_ECA09CEBAAA9EC9D84_EC9E85EBA0A5ED95B4ECA3BCEC84B8EC9A94_-001_289829_224x224.png","타사보상","CHP-8200N","[코웨이] 노블 정수기 세로 (냉온정)","30,060","60"
"https://www.rentalsegye.com/product.php?no=21671&cid=1377&gid=1424","https://tlpartner.speedycdn.net/data/file/item_code/990098083_QmYlbwPv_logo_coway_391x100.png","https://tlpartner.speedycdn.net/data/file/item_product/thumb-990098083_tep2JhKg_ECA09CEBAAA9EC9D84_EC9E85EBA0A5ED95B4ECA3BCEC84B8EC9A94_-001_289329_224x224.png","타사보상","CHP-8210N","[코웨이] 노블 정수기 가로 (냉온정)","30,060","60"
"https://www.rentalsegye.com/product.php?no=21669&cid=1377&gid=1424","https://tlpartner.speedycdn.net/data/file/item_code/990098083_QmYlbwPv_logo_coway_391x100.png","https://tlpartner.speedycdn.net/data/file/item_product/thumb-2009614425_UAFHID10_KakaoTalk_20211231_103333863_01_224x224.jpg","","P-6320L","[코웨이] 프라임 정수기 베이직","20,900","0"
"https://www.rentalsegye.com/product.php?no=21740&cid=1377&gid=1424","https://tlpartner.speedycdn.net/data/file/item_code/990098083_pRQd9fUT_logo_cuckoo_499x100.png","https://tlpartner.speedycdn.net/data/file/item_product/thumb-3554642388_E3lkP8Oi_661910538_y1ECpIMO_CP-WS601WH_1_224x224.jpg","","CP-WS601HW","[쿠쿠] 인스퓨어 코크살균 냉온정수기","20,900","0"
"https://www.rentalsegye.com/product.php?no=31351&cid=1377&gid=1424","https://tlpartner.speedycdn.net/data/file/item_code/990098083_5cBVIkhs_logo_wells_357x100.png","https://tlpartner.speedycdn.net/data/file/item_product/thumb-3731255661_IEYirLTj_1682557280_Gp7yTefQ_1_224x224.jpg","타사보상","WQ271UWA","[웰스]  정수기 미네랄 소형 스탠드","21,900","0"
"https://www.rentalsegye.com/product.php?no=21996&cid=1377&gid=1424","https://tlpartner.speedycdn.net/data/file/item_code/990098083_QmYlbwPv_logo_coway_391x100.png","https://tlpartner.speedycdn.net/data/file/item_product/thumb-990098083_EDUJelfa_ECA09CEBAAA9EC9D84_EC9E85EBA0A5ED95B4ECA3BCEC84B8EC9A94_-001_2810029_224x224.png","타사보상","CHP-8310L","[코웨이] 노블 정수기 RO (냉온정)","30,060","60"
"https://www.rentalsegye.com/product.php?no=22107&cid=1377&gid=1424","https://tlpartner.speedycdn.net/data/file/item_code/990098083_qZYoMiDH_logo_quming_325x100.png","https://tlpartner.speedycdn.net/data/file/item_product/thumb-2009614428_DT1gCxpJ_1589248133_NblgqMwF_1_224x224.jpg","","P-R40SS","[현대큐밍] 프리미엄RO 냉온정수기 (스탠드형)","26,900","1,900"
"https://www.rentalsegye.com/product.php?no=26995&cid=1377&gid=1424","https://tlpartner.speedycdn.net/data/file/item_code/990098083_pRQd9fUT_logo_cuckoo_499x100.png","https://tlpartner.speedycdn.net/data/file/item_product/thumb-2009612309_v7O0WM4V_dd6af435dc0b1afc4c69ddabaed97487_224x224.jpg","","CP-W602HW","[쿠쿠] 인스퓨어 냉온정수기","17,900","0"
"https://www.rentalsegye.com/product.php?no=27967&cid=1377&gid=1424","https://tlpartner.speedycdn.net/data/file/item_code/990098083_pRQd9fUT_logo_cuckoo_499x100.png","https://tlpartner.speedycdn.net/data/file/item_product/thumb-1028680870_51gGtiDe_8a58d4226cff79957ee6f59176bc941c_224x224.png","","CP-W601HW","[쿠쿠] 인스퓨어 냉온정수기","19,900","0"
"https://www.rentalsegye.com/product.php?no=29669&cid=1377&gid=1424","https://tlpartner.speedycdn.net/data/file/item_code/990098083_qZYoMiDH_logo_quming_325x100.png","https://tlpartner.speedycdn.net/data/file/item_product/thumb-2039834022_fQpgiAJY_1671758180_XxyG5tJA_1_224x224.jpg","","HQP-M50SW","[현대큐밍] 더퓨어 마크업 대용량 냉온정수기","29,900","4,900"
"https://www.rentalsegye.com/product.php?no=25351&cid=1377&gid=1424","https://tlpartner.speedycdn.net/data/file/item_code/990098083_Vg5fGhCY_logo_ubus_281x100.png","https://tlpartner.speedycdn.net/data/file/item_product/thumb-238047466_OTsg4xv9_ECA09CEBAAA9EC9D84_EC9E85EBA0A5ED95B4ECA3BCEC84B8EC9A94_-001_-_2024-02-06T114058.797_224x224.png","","UBUS-P202SUF","[유버스] 냉온정수기","19,900","0"
"https://www.rentalsegye.com/product.php?no=25358&cid=1377&gid=1424","https://tlpartner.speedycdn.net/data/file/item_code/990098083_Vg5fGhCY_logo_ubus_281x100.png","https://tlpartner.speedycdn.net/data/file/item_product/thumb-1982380971_pZEtXvmH_20231102_095228_224x224.png","","MLP-300H","[유버스] 샤인 냉온정수기","19,900","0"
"https://www.rentalsegye.com/product.php?no=25425&cid=1377&gid=1424","https://tlpartner.speedycdn.net/data/file/item_code/990098083_Vg5fGhCY_logo_ubus_281x100.png","https://tlpartner.speedycdn.net/data/file/item_product/thumb-990093910_7j9Ut8vM_1_224x224.png","","MLP-310S","[유버스] 샤인 냉온 정수기","19,900","0"
"https://www.rentalsegye.com/product.php?no=25597&cid=1377&gid=1424","https://tlpartner.speedycdn.net/data/file/item_code/990098083_QmYlbwPv_logo_coway_391x100.png","https://tlpartner.speedycdn.net/data/file/item_product/990098083_tl1zCPjJ_CP-7211N_480x480.gif","반값할인","CP-7211N","[코웨이] 아이콘 정수기2","23,760","0"
"https://www.rentalsegye.com/product.php?no=26417&cid=1377&gid=1424","https://tlpartner.speedycdn.net/data/file/item_code/990098083_5cBVIkhs_logo_wells_357x100.png","https://tlpartner.speedycdn.net/data/file/item_product/thumb-2009612309_CWIxcjXS_1640139692_ud7jX6Us_1_224x224.jpg","타사보상","WP610NWA","[웰스] 미미 정수기","9,900","0"
"https://www.rentalsegye.com/product.php?no=25986&cid=1377&gid=1424","https://tlpartner.speedycdn.net/data/file/item_code/990098083_3rUDe0nN_logo_chungho_525x100.png","https://tlpartner.speedycdn.net/data/file/item_product/thumb-2009612309_FgI1UO8Z_ECA09CEBAAA9EC9D84_EC9E85EBA0A5ED95B4ECA3BCEC84B8EC9A94_-001_28429_224x224.png","타사보상","WP-60C90520M","[청호나이스] 세니타 냉온정수기","25,900","0"
"https://www.rentalsegye.com/product.php?no=26137&cid=1377&gid=1424","https://tlpartner.speedycdn.net/data/file/item_code/990098083_QmYlbwPv_logo_coway_391x100.png","https://tlpartner.speedycdn.net/data/file/item_product/990098083_9qJkvpBc_CHPI-7400N_V2_480x480.gif","반값할인","CHPI-7400N","[코웨이] 아이콘 얼음정수기","40,860","10,860"
"https://www.rentalsegye.com/product.php?no=37398&cid=1377&gid=1424","https://tlpartner.speedycdn.net/data/file/item_code/990098083_3rUDe0nN_logo_chungho_525x100.png","https://tlpartner.speedycdn.net/data/file/item_product/thumb-238048568_zIRpcTNK_1718606209_incQgJyx_EC8389EC83_224x224.jpg","타사보상","WI-60C80511M","[청호나이스] 아이스트리 플리 얼음냉정수기","37,900","7,900"
"https://www.rentalsegye.com/product.php?no=26423&cid=1377&gid=1424","https://tlpartner.speedycdn.net/data/file/item_code/990098083_3rUDe0nN_logo_chungho_525x100.png","https://tlpartner.speedycdn.net/data/file/item_product/thumb-990098083_H0GMP6ES_WP-46S9P510M_224x224.jpg","타사보상","WP-46S9P510M","[청호나이스] 메타 디지털 P 냉온정수기","30,900","900"
"https://www.rentalsegye.com/product.php?no=26424&cid=1377&gid=1424","https://tlpartner.speedycdn.net/data/file/item_code/990098083_3rUDe0nN_logo_chungho_525x100.png","https://tlpartner.speedycdn.net/data/file/item_product/thumb-990098083_MdFRSH6L_ECA09CEBAAA9EC9D84_EC9E85EBA0A5ED95B4ECA3BCEC84B8EC9A94_-001_-_2025-06-20T152854.027_224x224.png","타사보상","WP-46S90510M","[청호나이스] 메타 디지털 냉온정수기","28,900","0"
"https://www.rentalsegye.com/product.php?no=26427&cid=1377&gid=1424","https://tlpartner.speedycdn.net/data/file/item_code/990098083_QmYlbwPv_logo_coway_391x100.png","https://tlpartner.speedycdn.net/data/file/item_product/thumb-3554642374_pC7SNL06_ID0101_4102_attimg_org_224x224.png","","CHPI-5810L","[코웨이] 프라임 아이스 맥스","55,900","25,900"
"https://www.rentalsegye.com/product.php?no=27607&cid=1377&gid=1424","https://tlpartner.speedycdn.net/data/file/item_code/990098083_3rUDe0nN_logo_chungho_525x100.png","https://tlpartner.speedycdn.net/data/file/item_product/thumb-2009614536_9VEvqWYy_1_224x224.jpg","","WP-30S50010N","[청호나이스] 냉온정수기 ANNIE","19,900","0"
"https://www.rentalsegye.com/product.php?no=40255&cid=1377&gid=1424","https://tlpartner.speedycdn.net/data/file/item_code/990098083_pRQd9fUT_logo_cuckoo_499x100.png","https://tlpartner.speedycdn.net/data/file/item_product/thumb-990098083_PNxp4Arq_ECA09CEBAAA9EC9D84_EC9E85EBA0A5ED95B4ECA3BCEC84B8EC9A94_-001_-_2025-03-28T100142.308_224x224.png","타사보상","CP-AHSC100HEB/EW","[쿠쿠] 제로 100 슬림 바리스타 정수","37,710","11,710"
"https://www.rentalsegye.com/product.php?no=28081&cid=1377&gid=1424","https://tlpartner.speedycdn.net/data/file/item_code/990098083_Vg5fGhCY_logo_ubus_281x100.png","https://tlpartner.speedycdn.net/data/file/item_product/thumb-2009614500_gGDCF9Al_EC9CA0_224x224.jpg","","WHC-50HU","[유버스] 프라임 냉온정수기","20,900","0"
"https://www.rentalsegye.com/product.php?no=28082&cid=1377&gid=1424","https://tlpartner.speedycdn.net/data/file/item_code/990098083_Vg5fGhCY_logo_ubus_281x100.png","https://tlpartner.speedycdn.net/data/file/item_product/thumb-2009614500_2ITZgE8i_EC98A4_224x224.jpg","","WHC-50SU","[유버스] 프라임 냉온정수기","20,900","0"
"https://www.rentalsegye.com/product.php?no=28172&cid=1377&gid=1424","https://tlpartner.speedycdn.net/data/file/item_code/990098083_3rUDe0nN_logo_chungho_525x100.png","https://tlpartner.speedycdn.net/data/file/item_product/thumb-3554642403_9rlV4qj6_ECA09CEBAAA9EC9D84_EC9E85EBA0A5ED95B4ECA3BCEC84B8EC9A94_-001_281029_224x224.png","타사보상","WP-35C90010N","[청호] 냉온정수기 ANNIE PLUS","21,900","0"
"https://www.rentalsegye.com/product.php?no=29671&cid=1377&gid=1424","https://tlpartner.speedycdn.net/data/file/item_code/990098083_QmYlbwPv_logo_coway_391x100.png","https://tlpartner.speedycdn.net/data/file/item_product/thumb-2039834022_J2CUFy5N_ID0105_4290_attimg_org_224x224.png","","CHP-5720L","[코웨이] 프라임 스탠드","44,900","14,900"
"https://www.rentalsegye.com/product.php?no=33327&cid=1377&gid=1424","https://tlpartner.speedycdn.net/data/file/item_code/990098083_pRQd9fUT_logo_cuckoo_499x100.png","https://tlpartner.speedycdn.net/data/file/item_product/thumb-238048581_6s7Lo8tE_20230908_173657_224x224.png","","CP-AD011UGW","[쿠쿠] 인스퓨어 직수 정수기 무전원 빌트인 언더싱크","13,900","0"
"https://www.rentalsegye.com/product.php?no=29169&cid=1377&gid=1424","https://tlpartner.speedycdn.net/data/file/item_code/990098083_qZYoMiDH_logo_quming_325x100.png","https://tlpartner.speedycdn.net/data/file/item_product/thumb-3537883381_5RIGjr8T_1671756228_NzaASyUf_1_224x224.jpg","","HQP-M40SW","[현대큐밍] 더퓨어 마크업 RO 냉온정수기","32,900","7,900"
"https://www.rentalsegye.com/product.php?no=29170&cid=1377&gid=1424","https://tlpartner.speedycdn.net/data/file/item_code/990098083_qZYoMiDH_logo_quming_325x100.png","https://tlpartner.speedycdn.net/data/file/item_product/thumb-3537883381_x0RGpMYP_1671757161_nN2E4u1c_1_224x224.jpg","","HQP-M50SW","[현대큐밍] 더퓨어 마크업 중용량 냉온정수기","26,900","1,900"
"https://www.rentalsegye.com/product.php?no=31350&cid=1377&gid=1424","https://tlpartner.speedycdn.net/data/file/item_code/990098083_5cBVIkhs_logo_wells_357x100.png","https://tlpartner.speedycdn.net/data/file/item_product/thumb-3731255661_SoIcHYX1_1682556711_Ru1CqszL_1_224x224.jpg","타사보상","WQ171UWA","[웰스] 냉온정수기 미네랄","20,900","0"
"https://www.rentalsegye.com/product.php?no=39592&cid=1377&gid=1424","https://tlpartner.speedycdn.net/data/file/item_code/990098083_qZYoMiDH_logo_quming_325x100.png","https://tlpartner.speedycdn.net/data/file/item_product/thumb-990098083_ngpodJjA_HQPG30SW0E_224x224.png","","HQPG30SW0E","[현대큐밍] 더퓨어 나노S 스탠드 냉온정수기","21,900","0"
"https://www.rentalsegye.com/product.php?no=32842&cid=1377&gid=1424","https://tlpartner.speedycdn.net/data/file/item_code/990098083_pRQd9fUT_logo_cuckoo_499x100.png","https://tlpartner.speedycdn.net/data/file/item_product/thumb-2009614456_CI9d8p3K_35258_X9ySZ6JAt1RrPhHVLGbF2DBrlNsjeR_224x224.jpg","","CP-AE501HW","[쿠쿠] 인스퓨어 냉온정 정수기","13,900","0"
"https://www.rentalsegye.com/product.php?no=30061&cid=1377&gid=1424","https://tlpartner.speedycdn.net/data/file/item_code/990098083_pRQd9fUT_logo_cuckoo_499x100.png","https://tlpartner.speedycdn.net/data/file/item_product/thumb-1982374967_3pBbNcaZ_2e2996f6-7d39-465e-98d9-9aaf00e19c99_224x224.jpg","","CP-QRP3002S","[쿠쿠] 인스퓨어 대용량(역삼투압) 냉온정수기","29,900","3,900"
"https://www.rentalsegye.com/product.php?no=30055&cid=1377&gid=1424","https://tlpartner.speedycdn.net/data/file/item_code/990098083_5cBVIkhs_logo_wells_357x100.png","https://tlpartner.speedycdn.net/data/file/item_product/thumb-1982374967_4Z2mberi_1677130028_E2FuyYNt_1_224x224.jpg","타사보상","WQ652NWR","[웰스] 2023 슈퍼쿨링 냉정수기","15,900","0"
"https://www.rentalsegye.com/product.php?no=30056&cid=1377&gid=1424","https://tlpartner.speedycdn.net/data/file/item_code/990098083_5cBVIkhs_logo_wells_357x100.png","https://tlpartner.speedycdn.net/data/file/item_product/thumb-1982374967_lBqZcEu6_1677129751_gAQ14nCF_1_224x224.jpg","타사보상","WQ672","[웰스] 2023 슈퍼쿨링 냉온정수기","17,900","0"
"https://www.rentalsegye.com/product.php?no=33634&cid=1377&gid=1424","https://tlpartner.speedycdn.net/data/file/item_code/990098083_3rUDe0nN_logo_chungho_525x100.png","https://tlpartner.speedycdn.net/data/file/item_product/thumb-2949210991_NmqOEH7j_1695262534_hP4zJcIt_3_224x224.jpg","타사보상","WI-70S90010M","[청호나이스] 얼음냉온정수기 NEW 700","43,900","13,900"
"https://www.rentalsegye.com/product.php?no=30248&cid=1377&gid=1424","https://tlpartner.speedycdn.net/data/file/item_code/990098083_pRQd9fUT_logo_cuckoo_499x100.png","https://tlpartner.speedycdn.net/data/file/item_product/thumb-2041760896_6oYH5nrd_ECA09CEBAAA9EC9D84_EC9E85EBA0A5ED95B4ECA3BCEC84B8EC9A94_-001_28829_224x224.png","","CP-WRP602SW","[쿠쿠] 인스퓨어 지하수전용 냉온정수기","23,900","0"
"https://www.rentalsegye.com/product.php?no=32843&cid=1377&gid=1424","https://tlpartner.speedycdn.net/data/file/item_code/990098083_3rUDe0nN_logo_chungho_525x100.png","https://tlpartner.speedycdn.net/data/file/item_product/thumb-238047480_gzuLDYBS_1687394012_vDPlR1nk_1_224x224.jpg","타사보상","WP-50S90010M","[청호나이스] 냉온정수기 TOTA R","20,900","0"
"https://www.rentalsegye.com/product.php?no=31348&cid=1377&gid=1424","https://tlpartner.speedycdn.net/data/file/item_code/990098083_pRQd9fUT_logo_cuckoo_499x100.png","https://tlpartner.speedycdn.net/data/file/item_product/990098305_4Nku58pf_CP-SS100_EB8F99EC9E91.gif","","CP-SS100WSV/HGM/HGP/HGB","[쿠쿠] ZERO 100S UV살균 끓인 물 · 얼음 냉온정수기","39,900","13,900"
"https://www.rentalsegye.com/product.php?no=32177&cid=1377&gid=1424","https://tlpartner.speedycdn.net/data/file/item_code/990098083_3rUDe0nN_logo_chungho_525x100.png","https://tlpartner.speedycdn.net/data/file/item_product/thumb-2009614419_XGNpIDfM_1683166479_a4rYTdEW_1_224x224.jpg","타사보상","WI-80S9P510M","[청호나이스] 얼음냉온정수기 슈퍼 아이스트리","47,900","17,900"
"https://www.rentalsegye.com/product.php?no=34599&cid=1377&gid=1424","https://tlpartner.speedycdn.net/data/file/item_code/990098083_3rUDe0nN_logo_chungho_525x100.png","https://tlpartner.speedycdn.net/data/file/item_product/thumb-3717215372_2kgSTCX4_SdZBDmfNCEr9yJVhefUbQEprgrpnBJ_224x224.jpg","타사보상","WP-80S9P510M","[청호나이스] 냉온정수기 슈퍼 트리","39,900","9,900"
"https://www.rentalsegye.com/product.php?no=36099&cid=1377&gid=1424","https://tlpartner.speedycdn.net/data/file/item_code/990098083_5cBVIkhs_logo_wells_357x100.png","https://tlpartner.speedycdn.net/data/file/item_product/thumb-2949210882_OZfoNTDs_EC9584EC9DB4EC8AA4EC9B90_EC8DB8EB84A4EC9DBC_ECA095EBA9B4_224x224.png","타사보상","WR872MWA","[웰스] 아이스원 얼음정수기","39,900","14,900"
"https://www.rentalsegye.com/product.php?no=32260&cid=1377&gid=1424","https://tlpartner.speedycdn.net/data/file/item_code/990098083_QmYlbwPv_logo_coway_391x100.png","https://tlpartner.speedycdn.net/data/file/item_product/thumb-3731255636_EOl8SLcT_ECA09CEBAAA9EC9D84_EC9E85EBA0A5ED95B4ECA3BCEC84B8EC9A94_-001_285529_224x224.png","","P-350N","[코웨이] 나노직수 정수기 미니","15,900","0"
"https://www.rentalsegye.com/product.php?no=32284&cid=1377&gid=1424","https://tlpartner.speedycdn.net/data/file/item_code/990098083_TtgPoe0h_logo_lg_372x100.png","https://tlpartner.speedycdn.net/data/file/item_product/990098305_6NmryT2p_WD323ACBWB_480x480.gif","타사보상","WD323ACB/WB","[LG] 퓨리케어 오브제컬렉션 냉정수기","18,900","0"
"https://www.rentalsegye.com/product.php?no=32596&cid=1377&gid=1424","https://tlpartner.speedycdn.net/data/file/item_code/990098083_pRQd9fUT_logo_cuckoo_499x100.png","https://tlpartner.speedycdn.net/data/file/item_product/thumb-990098305_1ukghTme_CP-ACS1610SNW_224x224.jpg","","CP-ACS1610SNW","[쿠쿠] 대용량 초고온수 냉온정 얼음정수기","57,900","31,900"
"https://www.rentalsegye.com/product.php?no=32597&cid=1377&gid=1424","https://tlpartner.speedycdn.net/data/file/item_code/990098083_pRQd9fUT_logo_cuckoo_499x100.png","https://tlpartner.speedycdn.net/data/file/item_product/thumb-2039833908_JzSZRep8_bf87493b61f14b2e25669767c5f51956_224x224.png","","CP-WR602HW","[쿠쿠] 인스퓨어 지하수전용 냉온정수기","21,900","0"
"https://www.rentalsegye.com/product.php?no=32839&cid=1377&gid=1424","https://tlpartner.speedycdn.net/data/file/item_code/990098083_pRQd9fUT_logo_cuckoo_499x100.png","https://tlpartner.speedycdn.net/data/file/item_product/thumb-990098083_fXYE9UrN_ECA09CEBAAA9EC9D84_EC9E85EBA0A5ED95B4ECA3BCEC84B8EC9A94_-001_-_2025-03-28T090825.500_224x224.png","","CP-AAS100ULDS/ULW","[쿠쿠] 인스퓨어 끓인 물 STEAM 100 빌트인 정수기","40,900","14,900"
"https://www.rentalsegye.com/product.php?no=32999&cid=1377&gid=1424","https://tlpartner.speedycdn.net/data/file/item_code/990098083_qZYoMiDH_logo_quming_325x100.png","https://tlpartner.speedycdn.net/data/file/item_product/thumb-2039834054_lZVJt3WG_1685688949_w7ptmkeR_1_224x224.jpg","","HQPM14C","[현대큐밍] 더슬림 마이핏 냉정수기","19,900","0"
"https://www.rentalsegye.com/product.php?no=33088&cid=1377&gid=1424","https://tlpartner.speedycdn.net/data/file/item_code/990098083_QmYlbwPv_logo_coway_391x100.png","https://tlpartner.speedycdn.net/data/file/item_product/thumb-2009614355_C3M9BXNi_thumb-ID0101_4582_attimg_org_600x600_224x224.png","타사보상","CP-6340L","[코웨이] 엘리트 정수기","26,010","0"
"https://www.rentalsegye.com/product.php?no=34424&cid=1377&gid=1424","https://tlpartner.speedycdn.net/data/file/item_code/990098083_pRQd9fUT_logo_cuckoo_499x100.png","https://tlpartner.speedycdn.net/data/file/item_product/thumb-990098083_Cau6O3QY_ECA09CEBAAA9EC9D84_EC9E85EBA0A5ED95B4ECA3BCEC84B8EC9A94_-001_-_2025-03-27T172835.858_224x224.png","타사보상","CP-ABSC100GWH/PK","[쿠쿠] 인스퓨어 100 Barista","25,110","0"
"https://www.rentalsegye.com/product.php?no=42299&cid=1377&gid=1424","https://tlpartner.speedycdn.net/data/file/item_code/990098083_RW3hHro1_logo_sk_194x100.png","https://tlpartner.speedycdn.net/data/file/item_product/thumb-990098083_EiYWMby6_ECA09CEBAAA9EC9D84-EC9E85EBA0A5ED95B4ECA3BCEC84B8EC9A94_-001_-_2025-06-20T165719.719_224x224.png","","WPU-9100","[SK매직] 언더싱크 정수기","18,900","0"
"https://www.rentalsegye.com/product.php?no=42300&cid=1377&gid=1424","https://tlpartner.speedycdn.net/data/file/item_code/990098083_RW3hHro1_logo_sk_194x100.png","https://tlpartner.speedycdn.net/data/file/item_product/thumb-990098083_ANcDx4b7_ECA09CEBAAA9EC9D84-EC9E85EBA0A5ED95B4ECA3BCEC84B8EC9A94_-001_-_2025-06-20T170214.457_224x224.png","반값할인","WPU-JCC104","[SK매직] 초소형 직수 정수기","26,900","900"
"https://www.rentalsegye.com/product.php?no=34643&cid=1377&gid=1424","https://tlpartner.speedycdn.net/data/file/item_code/990098083_TtgPoe0h_logo_lg_372x100.png","https://tlpartner.speedycdn.net/data/file/item_product/thumb-990093908_ZQ6nDeOy_31283557_cJf1b5aR_WU803AS_1_224x224.jpg","타사보상","WU823AS","[LG] 퓨리케어 듀얼 빌트인 냉정수기","26,900","0"
"https://www.rentalsegye.com/product.php?no=36838&cid=1377&gid=1424","https://tlpartner.speedycdn.net/data/file/item_code/990098083_QmYlbwPv_logo_coway_391x100.png","https://tlpartner.speedycdn.net/data/file/item_product/thumb-238048619_XcEaHsMD_ID0105_5186_attimg_org_224x224.png","반값할인","CHP-5711L","[코웨이] 워터 스탠드2(냉온정)","23,310","0"
"https://www.rentalsegye.com/product.php?no=34816&cid=1377&gid=1424","https://tlpartner.speedycdn.net/data/file/item_code/990098083_TtgPoe0h_logo_lg_372x100.png","https://tlpartner.speedycdn.net/data/file/item_product/thumb-990098083_XPO5r9cs_ECA09CEBAAA9EC9D84_EC9E85EBA0A5ED95B4ECA3BCEC84B8EC9A94_-001_286329_224x224.png","타사보상","WD120MCB/NB","[LG] 퓨리케어 오브제컬렉션 라이트온 정수전용 정수기","13,900","0"
"https://www.rentalsegye.com/product.php?no=35123&cid=1377&gid=1424","https://tlpartner.speedycdn.net/data/file/item_code/990098083_IjlB1R02_logo_cesco_206x100.png","https://tlpartner.speedycdn.net/data/file/item_product/thumb-990098083_VWfO0MjK_EWBS551_224x224.jpg","","EWBS551","[세스코] THE 슬림 더블 스탠드 냉온정수기","22,900","0"
"https://www.rentalsegye.com/product.php?no=35128&cid=1377&gid=1424","https://tlpartner.speedycdn.net/data/file/item_code/990098083_IjlB1R02_logo_cesco_206x100.png","https://tlpartner.speedycdn.net/data/file/item_product/thumb-2041761428_ZcYAiWPI_abd77a557e42efa9bcaf1ffdf5b10f02_224x224.jpg","","EW-210","[세스코] 스마트핏 미니 정수기","10,900","0"
"https://www.rentalsegye.com/product.php?no=35130&cid=1377&gid=1424","https://tlpartner.speedycdn.net/data/file/item_code/990098083_IjlB1R02_logo_cesco_206x100.png","https://tlpartner.speedycdn.net/data/file/item_product/thumb-990098305_CgmoYBT2_EWBD351_480x480_224x224.png","","EWBD351","[세스코] THE 슬림 데스크 냉온정수기","17,900","0"
"https://www.rentalsegye.com/product.php?no=35131&cid=1377&gid=1424","https://tlpartner.speedycdn.net/data/file/item_code/990098083_IjlB1R02_logo_cesco_206x100.png","https://tlpartner.speedycdn.net/data/file/item_product/thumb-990098305_LcveYVUZ_EWBS351_480x480_224x224.png","","EWBS351","[세스코] THE 슬림 스탠드 냉온정수기","17,900","0"
"https://www.rentalsegye.com/product.php?no=42482&cid=1377&gid=1424","https://tlpartner.speedycdn.net/data/file/item_code/990098083_IjlB1R02_logo_cesco_206x100.png","https://tlpartner.speedycdn.net/data/file/item_product/thumb-990098083_XAlhCmQR_EWED351_224x224.jpg","","EWED351","[세스코] THE 슬림 데스크 냉온정수기 UF","14,900","0"
"https://www.rentalsegye.com/product.php?no=36777&cid=1377&gid=1424","https://tlpartner.speedycdn.net/data/file/item_code/990098083_IjlB1R02_logo_cesco_206x100.png","https://tlpartner.speedycdn.net/data/file/item_product/thumb-238048515_ORzql3vj_thum_EC82B4EAB7A0EC98A8ECA095EC8898EAB8B0_EBB3B5EC82AC_224x224.jpg","","EWBD151","[세스코] 살균온 5중안심 냉온정수기","25,900","900"
"https://www.rentalsegye.com/product.php?no=36097&cid=1377&gid=1424","https://tlpartner.speedycdn.net/data/file/item_code/990098083_pRQd9fUT_logo_cuckoo_499x100.png","https://tlpartner.speedycdn.net/data/file/item_product/thumb-2949210882_52qXsD6o_K-001_224x224.jpg","","CP-F603HW","[쿠쿠] 내추럴 워터 냉온정수기","15,900","0"
"https://www.rentalsegye.com/product.php?no=42305&cid=1377&gid=1424","https://tlpartner.speedycdn.net/data/file/item_code/990098083_RW3hHro1_logo_sk_194x100.png","https://tlpartner.speedycdn.net/data/file/item_product/thumb-990098083_Px21zq0G_ECA09CEBAAA9EC9D84-EC9E85EBA0A5ED95B4ECA3BCEC84B8EC9A94_-001_-_2025-06-23T100449.162_224x224.png","","WPU-TDC104","[SK매직] 뉴슬림 플러스 정수기","18,900","0"
"https://www.rentalsegye.com/product.php?no=42304&cid=1377&gid=1424","https://tlpartner.speedycdn.net/data/file/item_code/990098083_RW3hHro1_logo_sk_194x100.png","https://tlpartner.speedycdn.net/data/file/item_product/thumb-990098083_0XjEY591_ECA09CEBAAA9EC9D84-EC9E85EBA0A5ED95B4ECA3BCEC84B8EC9A94_-001_-_2025-06-23T095530.022_224x224.png","","WPU-IC110F","[SK매직] 대용량 직수 얼음 정수기","54,900","28,900"
"https://www.rentalsegye.com/product.php?no=42302&cid=1377&gid=1424","https://tlpartner.speedycdn.net/data/file/item_code/990098083_RW3hHro1_logo_sk_194x100.png","https://tlpartner.speedycdn.net/data/file/item_product/thumb-990098083_6uAf8oTc_ECA09CEBAAA9EC9D84-EC9E85EBA0A5ED95B4ECA3BCEC84B8EC9A94_-001_-_2025-06-20T171550.357_224x224.png","","WPU-B600F","[SK매직] 대용량 그랜드 정수기","28,900","2,900"
"https://www.rentalsegye.com/product.php?no=42297&cid=1377&gid=1424","https://tlpartner.speedycdn.net/data/file/item_code/990098083_RW3hHro1_logo_sk_194x100.png","https://tlpartner.speedycdn.net/data/file/item_product/thumb-990098083_sSdwfeYk_1643338283_5sZkC0aT_1_224x224.jpg","","WPU-GBC102S","[SK매직] 무전원 에코 미니 정수기 Green 41","13,900","0"
"https://www.rentalsegye.com/product.php?no=42298&cid=1377&gid=1424","https://tlpartner.speedycdn.net/data/file/item_code/990098083_RW3hHro1_logo_sk_194x100.png","https://tlpartner.speedycdn.net/data/file/item_product/990098305_JT2I7ZQD_ECA09CEBAAA9EC9D84-EC9E85EBA0A5ED95B4ECA3BCEC84B8EC9A94__281329.gif","타사보상","WPU-PBC204S","[SK매직] NEW 미니 정수기","12,900","0"
"https://www.rentalsegye.com/product.php?no=36487&cid=1377&gid=1424","https://tlpartner.speedycdn.net/data/file/item_code/990098083_qZYoMiDH_logo_quming_325x100.png","https://tlpartner.speedycdn.net/data/file/item_product/thumb-1028680927_HmGwTK9S_1710394233_uGVAtaP8_3_224x224.jpg","","HQPS1CYOE","[현대큐밍] 딜라이트 직수형 냉온정수기","27,900","2,900"
"https://www.rentalsegye.com/product.php?no=36806&cid=1377&gid=1424","https://tlpartner.speedycdn.net/data/file/item_code/990098083_qZYoMiDH_logo_quming_325x100.png","https://tlpartner.speedycdn.net/data/file/item_product/thumb-238048515_skr7j0f8_1714035528_dYWBMvFR_3_224x224.jpg","","HQPM15C","[현대큐밍] 딜라이트 아이 무전원 정수전용 정수기","15,900","0"
"https://www.rentalsegye.com/product.php?no=36839&cid=1377&gid=1424","https://tlpartner.speedycdn.net/data/file/item_code/990098083_QmYlbwPv_logo_coway_391x100.png","https://tlpartner.speedycdn.net/data/file/item_product/thumb-238048619_3cOQhpsK_ID0105_5188_attimg_org_224x224.png","반값할인","CHP-5711R","[코웨이] 워터 스탠드2 (냉온정)","25,110","0"
"https://www.rentalsegye.com/product.php?no=36869&cid=1377&gid=1424","https://tlpartner.speedycdn.net/data/file/item_code/990098083_3rUDe0nN_logo_chungho_525x100.png","https://tlpartner.speedycdn.net/data/file/item_product/thumb-3717215309_JjR1bnQA_1715136234_A0xhVjJ4_3_224x224.jpg","타사보상","WI-70S9P010M","[청호나이스] 얼음냉온정수기 NEW 700 P","44,900","14,900"
"https://www.rentalsegye.com/product.php?no=37346&cid=1377&gid=1424","https://tlpartner.speedycdn.net/data/file/item_code/990098083_3rUDe0nN_logo_chungho_525x100.png","https://tlpartner.speedycdn.net/data/file/item_product/thumb-3717215296_kZDdUXoc_1718338664_uTCdgX4A_EC8389EC83_28129_224x224.jpg","타사보상","WI-60C90521M","[청호나이스] 아이스트리 플리 얼음냉온정수기","38,900","8,900"
"https://www.rentalsegye.com/product.php?no=37177&cid=1377&gid=1424","https://tlpartner.speedycdn.net/data/file/item_code/990098083_qZYoMiDH_logo_quming_325x100.png","https://tlpartner.speedycdn.net/data/file/item_product/thumb-2039834054_F4sZSIcL_1716792267_CVcGTp20_3_224x224.jpg","","HQPI73CG0E","[현대큐밍] 딜라이트 아이스 얼음냉온정수기","44,900","19,900"
"https://www.rentalsegye.com/product.php?no=37266&cid=1377&gid=1424","https://tlpartner.speedycdn.net/data/file/item_code/990098083_IjlB1R02_logo_cesco_206x100.png","https://tlpartner.speedycdn.net/data/file/item_product/thumb-2009614465_pbncd1og_THUM_EC82B4EAB7A0ONEC96BCEC9D8CECA095EC8898EAB8B0_EB8884EB81BCECBBB7_1000x1000_224x224.jpg","","EWDD951","[세스코] 살균온 얼음정수기","41,900","16,900"
"https://www.rentalsegye.com/product.php?no=37651&cid=1377&gid=1424","https://tlpartner.speedycdn.net/data/file/item_code/990098083_3rUDe0nN_logo_chungho_525x100.png","https://tlpartner.speedycdn.net/data/file/item_product/thumb-2009614517_F2t7xQTd_1722399459_ZPdV48ix_3_224x224.jpg","타사보상","WI-55S90510M","[청호나이스] 얼음냉온정수기 550","39,900","9,900"
"https://www.rentalsegye.com/product.php?no=37652&cid=1377&gid=1424","https://tlpartner.speedycdn.net/data/file/item_code/990098083_3rUDe0nN_logo_chungho_525x100.png","https://tlpartner.speedycdn.net/data/file/item_product/thumb-2009614517_1jOpMxv7_1722399753_bJUNXm32_3_224x224.jpg","타사보상","WI-55S9P510M","[청호나이스] 얼음냉온정수기 550 P","40,900","10,900"
"https://www.rentalsegye.com/product.php?no=38136&cid=1377&gid=1424","https://tlpartner.speedycdn.net/data/file/item_code/990098083_Vg5fGhCY_logo_ubus_281x100.png","https://tlpartner.speedycdn.net/data/file/item_product/thumb-238048643_pBZfcuyD_UBUS-WPD24HU_224x224.png","","UBUS-WPD24HU","[유버스] 직수정수기","15,900","0"
"https://www.rentalsegye.com/product.php?no=38260&cid=1377&gid=1424","https://tlpartner.speedycdn.net/data/file/item_code/990098083_3rUDe0nN_logo_chungho_525x100.png","https://tlpartner.speedycdn.net/data/file/item_product/thumb-1028680705_3Qqc1aCk_1723097568_lwRHAtD5_3_224x224.jpg","타사보상","WP-60C90511M","[청호나이스] 아이스트리 플리 냉온정수기","27,900","0"
"https://www.rentalsegye.com/product.php?no=38263&cid=1377&gid=1424","https://tlpartner.speedycdn.net/data/file/item_code/990098083_3rUDe0nN_logo_chungho_525x100.png","https://tlpartner.speedycdn.net/data/file/item_product/thumb-2041761486_Nfc2iSBD_1723097889_TiampXxN_3_224x224.jpg","타사보상","WP-60C80511M","[청호나이스] 아이스트리 플리 냉정수기","25,900","0"
"https://www.rentalsegye.com/product.php?no=38278&cid=1377&gid=1424","https://tlpartner.speedycdn.net/data/file/item_code/990098083_pRQd9fUT_logo_cuckoo_499x100.png","https://tlpartner.speedycdn.net/data/file/item_product/thumb-2009612314_hdAW04qP_CP-ACSR1620SW_224x224.jpg","","CP-ACSR1620SW","[쿠쿠] 대용량 초고온수 얼음 냉온정수기","58,900","32,900"
"https://www.rentalsegye.com/product.php?no=38413&cid=1377&gid=1424","https://tlpartner.speedycdn.net/data/file/item_code/990098083_TtgPoe0h_logo_lg_372x100.png","https://tlpartner.speedycdn.net/data/file/item_product/thumb-1982381045_qaSkLXxM_31283557_gAStv0c7_WU503AS_1_224x224.jpg","타사보상","WU523AS","[LG] 퓨리케어 냉온정수기","23,900","0"
"https://www.rentalsegye.com/product.php?no=38532&cid=1377&gid=1424","https://tlpartner.speedycdn.net/data/file/item_code/990098083_3rUDe0nN_logo_chungho_525x100.png","https://tlpartner.speedycdn.net/data/file/item_product/thumb-1982374967_xDFulAj4_ECA09CEBAAA9EC9D84_EC9E85EBA0A5ED95B4ECA3BCEC84B8EC9A94_-001_281529_224x224.png","타사보상","WP-50C90621N","[청호나이스] 뉴 러블리트리 냉온정수기","26,900","0"
"https://www.rentalsegye.com/product.php?no=47174&cid=1377&gid=1424","https://tlpartner.speedycdn.net/data/file/item_code/990098083_pRQd9fUT_logo_cuckoo_499x100.png","https://tlpartner.speedycdn.net/data/file/item_product/thumb-990098305_gqvdVp3x_CP-AFRP1601SW_224x224.jpg","","CP-AFRP1601SW","[쿠쿠] 인스퓨어 냉온정수기 화이트","32,900","6,900"
"https://www.rentalsegye.com/product.php?no=39229&cid=1377&gid=1424","https://tlpartner.speedycdn.net/data/file/item_code/990098083_3rUDe0nN_logo_chungho_525x100.png","https://tlpartner.speedycdn.net/data/file/item_product/thumb-990098083_yd9z37l1_EC8580ED948428EC98A4ED8AB8EBB080EBB2A0EC9DB4ECA78029_EB8389EC98A8ECA095_ECA095EBA9B4_224x224.png","","WP-30C9460BN","[청호나이스] 냉온정수기","19,900","0"
"https://www.rentalsegye.com/product.php?no=39299&cid=1377&gid=1424","https://tlpartner.speedycdn.net/data/file/item_code/990098083_3rUDe0nN_logo_chungho_525x100.png","https://tlpartner.speedycdn.net/data/file/item_product/thumb-990098083_rniGlhAm_EC8580ED948428EC98A4ED8AB8EBB080EBB2A0EC9DB4ECA78029_EB8389ECA095_ECA095EBA9B4_224x224.png","","WP-30C8460N","[청호나이스] 냉정수기","17,900","0"
"https://www.rentalsegye.com/product.php?no=39591&cid=1377&gid=1424","https://tlpartner.speedycdn.net/data/file/item_code/990098083_qZYoMiDH_logo_quming_325x100.png","https://tlpartner.speedycdn.net/data/file/item_product/thumb-990098083_jA5cb4tl_HQPG30CW0E_224x224.png","","HQPG30CW0E","[현대큐밍] 더퓨어 나노S 냉온정수기","20,900","0"
"https://www.rentalsegye.com/product.php?no=39731&cid=1377&gid=1424","https://tlpartner.speedycdn.net/data/file/item_code/990098083_Vg5fGhCY_logo_ubus_281x100.png","https://tlpartner.speedycdn.net/data/file/item_product/thumb-990098083_wk7xMBh3_97861_jLH1ykDKphS19YchnnwYfFV2QsV6kv_224x224.jpg","","WHC-54SU","[유버스] 프라임 UV 스탠드 냉온정수기","20,900","0"
"https://www.rentalsegye.com/product.php?no=39732&cid=1377&gid=1424","https://tlpartner.speedycdn.net/data/file/item_code/990098083_Vg5fGhCY_logo_ubus_281x100.png","https://tlpartner.speedycdn.net/data/file/item_product/thumb-990098083_xa57Hwn2_97866_ZbEAxjYpnBULuyjG1Ju26ZV7MWRyaL_224x224.jpg","","WHC-54HU","[유버스] 프라임 UV 하프 냉온정수기","20,900","0"
"https://www.rentalsegye.com/product.php?no=39733&cid=1377&gid=1424","https://tlpartner.speedycdn.net/data/file/item_code/990098083_Vg5fGhCY_logo_ubus_281x100.png","https://tlpartner.speedycdn.net/data/file/item_product/thumb-990098083_rHztKcbD_90830_uC1WfPCLze4M3gMmV6rqtknUJBCPeR_224x224.jpg","","WHCB-80SN","[유버스] 냉온정수기 (준용량)","24,900","0"
"https://www.rentalsegye.com/product.php?no=39734&cid=1377&gid=1424","https://tlpartner.speedycdn.net/data/file/item_code/990098083_Vg5fGhCY_logo_ubus_281x100.png","https://tlpartner.speedycdn.net/data/file/item_product/thumb-990098083_PBdTo8Of_90825_4QaQEBC997y3pqTYxwHjz1GSVbSf8r_224x224.jpg","","WHCB-85SN","[유버스] 냉온정수기 (대용량)","26,900","1,900"
"https://www.rentalsegye.com/product.php?no=39735&cid=1377&gid=1424","https://tlpartner.speedycdn.net/data/file/item_code/990098083_Vg5fGhCY_logo_ubus_281x100.png","https://tlpartner.speedycdn.net/data/file/item_product/thumb-990098083_cQbvoD8g_97851_gR3PwGRrK7Kpp7kVYYbXtdUUjMElSF_224x224.jpg","","WHCB-85RO","[유버스] 냉온정수기 (대용량)","30,900","5,900"
"https://www.rentalsegye.com/product.php?no=40916&cid=1377&gid=1424","https://tlpartner.speedycdn.net/data/file/item_code/990098083_5cBVIkhs_logo_wells_357x100.png","https://tlpartner.speedycdn.net/data/file/item_product/thumb-990098083_gotFnDQr_WS672_224x224.jpg","","WS672","[웰스] 슬림원 직수 정수기 (냉온정)","25,900","900"
"https://www.rentalsegye.com/product.php?no=40917&cid=1377&gid=1424","https://tlpartner.speedycdn.net/data/file/item_code/990098083_5cBVIkhs_logo_wells_357x100.png","https://tlpartner.speedycdn.net/data/file/item_product/thumb-990098083_6WBAbfEQ_WS674_224x224.jpg","","WS674","[웰스] 슬림원 직수 정수기 살균 플러스 (냉온정)","28,900","3,900"
"https://www.rentalsegye.com/product.php?no=41402&cid=1377&gid=1424","https://tlpartner.speedycdn.net/data/file/item_code/990098083_pRQd9fUT_logo_cuckoo_499x100.png","https://tlpartner.speedycdn.net/data/file/item_product/thumb-990098083_YL1HBwUu_CP-AF1601SW_224x224.jpg","","CP-AF1601SW","[쿠쿠] 인스퓨어 냉온정수기","25,900","0"
"https://www.rentalsegye.com/product.php?no=41303&cid=1377&gid=1424","https://tlpartner.speedycdn.net/data/file/item_code/990098083_QmYlbwPv_logo_coway_391x100.png","https://tlpartner.speedycdn.net/data/file/item_product/thumb-990098083_o0nLjiAB_ECA09CEBAAA9EC9D84_EC9E85EBA0A5ED95B4ECA3BCEC84B8EC9A94_-001_-_2025-05-16T112649.845_224x224.png","타사보상","CHP-1111N","[코웨이] 엘리트 빌트인 정수기","27,810","0"
"https://www.rentalsegye.com/product.php?no=41338&cid=1377&gid=1424","https://tlpartner.speedycdn.net/data/file/item_code/990098083_QmYlbwPv_logo_coway_391x100.png","https://tlpartner.speedycdn.net/data/file/item_product/thumb-990098083_2TWfeZUn_ECA09CEBAAA9EC9D84_EC9E85EBA0A5ED95B4ECA3BCEC84B8EC9A94_-001_-_2025-05-16T155724.217_224x224.png","","P-2200N","[코웨이] 스위치 정수기","15,900","0"
"https://www.rentalsegye.com/product.php?no=41404&cid=1377&gid=1424","https://tlpartner.speedycdn.net/data/file/item_code/990098083_pRQd9fUT_logo_cuckoo_499x100.png","https://tlpartner.speedycdn.net/data/file/item_product/thumb-990098083_wkp8K0Xb_ECA09CEBAAA9EC9D84_EC9E85EBA0A5ED95B4ECA3BCEC84B8EC9A94_-001_-_2025-05-20T103847.984_224x224.png","","CP-AKS011EG/EP/GB","[쿠쿠] 살균 직수 정수기","14,900","0"
"https://www.rentalsegye.com/product.php?no=41405&cid=1377&gid=1424","https://tlpartner.speedycdn.net/data/file/item_code/990098083_pRQd9fUT_logo_cuckoo_499x100.png","https://tlpartner.speedycdn.net/data/file/item_product/thumb-990098083_gQtwKfu8_CP-AJS801SW_224x224.jpg","타사보상","CP-AJS801SW","[쿠쿠] 대용량 얼음 냉온정수기","39,860","13,860"
"https://www.rentalsegye.com/product.php?no=47835&cid=1377&gid=1424","https://tlpartner.speedycdn.net/data/file/item_code/990098083_qZYoMiDH_logo_quming_325x100.png","https://tlpartner.speedycdn.net/data/file/item_product/thumb-990098305_5L7GMEW1_t_604011458625308_224x224.jpg","","HQPA70SW0G","[현대큐밍] 더퓨어 아이스 플로 얼음정수기","53,900","28,900"
"https://www.rentalsegye.com/product.php?no=41649&cid=1377&gid=1424","https://tlpartner.speedycdn.net/data/file/item_code/990098083_Vg5fGhCY_logo_ubus_281x100.png","https://tlpartner.speedycdn.net/data/file/item_product/thumb-990098083_HS2nweWJ_EC8DB8EB84A4EC9DBC2_224x224.jpg","","WHCD-34HU","[유버스] 오로라 직수 정수기","27,900","2,900"
"https://www.rentalsegye.com/products.php?no=41886&cid=1377&gid=1424","https://tlpartner.speedycdn.net/data/file/item_code/990098083_5K0fpZ9r_logo_samsung_482x100.png","https://tlpartner.speedycdn.net/data/file/item_product/thumb-product418860_224x224.png","","RWP54421BF6M/7M/8M","[삼성] 비스포크 정수기 냉온정수 일체형","30,300","7,300"
"https://www.rentalsegye.com/products.php?no=41887&cid=1377&gid=1424","https://tlpartner.speedycdn.net/data/file/item_code/990098083_5K0fpZ9r_logo_samsung_482x100.png","https://tlpartner.speedycdn.net/data/file/item_product/thumb-product418870_224x224.png","","RWP54120BF6M/7M/8M","[삼성] 비스포크 정수기 정수전용 일체형","18,500","0"
"https://www.rentalsegye.com/product.php?no=42303&cid=1377&gid=1424","https://tlpartner.speedycdn.net/data/file/item_code/990098083_RW3hHro1_logo_sk_194x100.png","https://tlpartner.speedycdn.net/data/file/item_product/thumb-990098083_fqBFODPv_ECA09CEBAAA9EC9D84-EC9E85EBA0A5ED95B4ECA3BCEC84B8EC9A94_-001_-_2025-06-23T091533.430_224x224.png","","WPU-B610F","[SK매직] 대용량 그랜드 정수기 RO","35,900","9,900"
"https://www.rentalsegye.com/product.php?no=42266&cid=1377&gid=1424","https://tlpartner.speedycdn.net/data/file/item_code/990098083_RW3hHro1_logo_sk_194x100.png","https://tlpartner.speedycdn.net/data/file/item_product/990098305_9ibvuVep_ECA09CEBAAA9EC9D84_EC9E85EBA0A5ED95B4ECA3BCEC84B8EC9A94._281529.gif","반값할인","WPU-JAC115P","[SK매직] PSG 초소형 플러스 직수 정수기","24,900","0"
"https://www.rentalsegye.com/product.php?no=42267&cid=1377&gid=1424","https://tlpartner.speedycdn.net/data/file/item_code/990098083_RW3hHro1_logo_sk_194x100.png","https://tlpartner.speedycdn.net/data/file/item_product/990098305_sbXmFoeK_ECA09CEBAAA9EC9D84_EC9E85EBA0A5ED95B4ECA3BCEC84B8EC9A94._283429.gif","반값할인","WPU-IAC425P","[SK매직] PSG 원코크 플러스 얼음물 정수기","39,000","13,000"
"https://www.rentalsegye.com/product.php?no=42283&cid=1377&gid=1424","https://tlpartner.speedycdn.net/data/file/item_code/990098083_3rUDe0nN_logo_chungho_525x100.png","https://tlpartner.speedycdn.net/data/file/item_product/thumb-990098083_75iZqPXn_WP-30B90620N_224x224.jpg","타사보상","WP-30B90620N","[청호나이스] 빌트인 냉온 정수기 블리스","33,900","3,900"
"https://www.rentalsegye.com/product.php?no=42306&cid=1377&gid=1424","https://tlpartner.speedycdn.net/data/file/item_code/990098083_RW3hHro1_logo_sk_194x100.png","https://tlpartner.speedycdn.net/data/file/item_product/thumb-990098083_9dqLiP4o_ECA09CEBAAA9EC9D84-EC9E85EBA0A5ED95B4ECA3BCEC84B8EC9A94_-001_-_2025-06-23T101107.754_224x224.png","","WPU-TDF104","[SK매직] 뉴슬림 플러스 정수기","18,900","0"
"https://www.rentalsegye.com/product.php?no=42307&cid=1377&gid=1424","https://tlpartner.speedycdn.net/data/file/item_code/990098083_RW3hHro1_logo_sk_194x100.png","https://tlpartner.speedycdn.net/data/file/item_product/thumb-990098083_wadc25GD_ECA09CEBAAA9EC9D84-EC9E85EBA0A5ED95B4ECA3BCEC84B8EC9A94_-001_-_2025-06-23T101438.114_224x224.png","","WPU-TDC114","[SK매직] 뉴나노 플러스 정수기","22,900","0"
"https://www.rentalsegye.com/product.php?no=42308&cid=1377&gid=1424","https://tlpartner.speedycdn.net/data/file/item_code/990098083_RW3hHro1_logo_sk_194x100.png","https://tlpartner.speedycdn.net/data/file/item_product/thumb-990098083_NtfSVmRF_ECA09CEBAAA9EC9D84-EC9E85EBA0A5ED95B4ECA3BCEC84B8EC9A94_-001_-_2025-06-23T101841.484_224x224.png","","WPU-TDF114","[SK매직] 뉴나노 플러스 정수기","22,900","0"
"https://www.rentalsegye.com/product.php?no=42309&cid=1377&gid=1424","https://tlpartner.speedycdn.net/data/file/item_code/990098083_3rUDe0nN_logo_chungho_525x100.png","https://tlpartner.speedycdn.net/data/file/item_product/thumb-990098083_Oxb0Rn9h_WP-50C80621N_224x224.jpg","타사보상","WP-50C80621N","[청호나이스] 뉴 러블리트리 냉정수기","26,900","0"
"https://www.rentalsegye.com/product.php?no=42310&cid=1377&gid=1424","https://tlpartner.speedycdn.net/data/file/item_code/990098083_RW3hHro1_logo_sk_194x100.png","https://tlpartner.speedycdn.net/data/file/item_product/thumb-990098083_MURpY90z_ECA09CEBAAA9EC9D84-EC9E85EBA0A5ED95B4ECA3BCEC84B8EC9A94_-001_-_2025-06-23T103210.347_224x224.png","","WPU-TDC10R","[SK매직] 지하수용 뉴슬림 플러스 정수기","27,900","1,900"
"https://www.rentalsegye.com/product.php?no=42311&cid=1377&gid=1424","https://tlpartner.speedycdn.net/data/file/item_code/990098083_RW3hHro1_logo_sk_194x100.png","https://tlpartner.speedycdn.net/data/file/item_product/thumb-990098083_54qRuCmK_ECA09CEBAAA9EC9D84-EC9E85EBA0A5ED95B4ECA3BCEC84B8EC9A94_-001_-_2025-06-23T103608.451_224x224.png","","WPU-B700F","[SK매직] 뉴그랜드 정수기","26,900","900"
"https://www.rentalsegye.com/product.php?no=42312&cid=1377&gid=1424","https://tlpartner.speedycdn.net/data/file/item_code/990098083_RW3hHro1_logo_sk_194x100.png","https://tlpartner.speedycdn.net/data/file/item_product/thumb-990098083_3VKYHh5t_ECA09CEBAAA9EC9D84-EC9E85EBA0A5ED95B4ECA3BCEC84B8EC9A94_-001_-_2025-06-23T104232.436_224x224.png","","WPU-B710F","[SK매직] 뉴그랜드 정수기","29,900","3,900"
"https://www.rentalsegye.com/product.php?no=42360&cid=1377&gid=1424","https://tlpartner.speedycdn.net/data/file/item_code/990098083_TtgPoe0h_logo_lg_372x100.png","https://tlpartner.speedycdn.net/data/file/item_product/thumb-990098083_Vc7xEBKI_ECA09CEBAAA9EC9D84-EC9E85EBA0A5ED95B4ECA3BCEC84B8EC9A94_-001_-_2025-06-24T144657.074_224x224.png","타사보상","WD524V(C/H/S)T","[LG] 퓨리케어 오브제컬렉션 음성인식 냉온정수기","24,900","0"
"https://www.rentalsegye.com/product.php?no=42361&cid=1377&gid=1424","https://tlpartner.speedycdn.net/data/file/item_code/990098083_TtgPoe0h_logo_lg_372x100.png","https://tlpartner.speedycdn.net/data/file/item_product/thumb-990098083_mJ1bDGMW_ECA09CEBAAA9EC9D84-EC9E85EBA0A5ED95B4ECA3BCEC84B8EC9A94_-001_-_2025-06-24T152117.321_224x224.png","타사보상","WD523V(C/H/S/P/M)T","[LG] 퓨리케어 오브제컬렉션 냉온정수기","22,900","0"
"https://www.rentalsegye.com/product.php?no=42483&cid=1377&gid=1424","https://tlpartner.speedycdn.net/data/file/item_code/990098083_IjlB1R02_logo_cesco_206x100.png","https://tlpartner.speedycdn.net/data/file/item_product/thumb-990098083_xz03yVwe_EWES351_224x224.jpg","","EWES351","[세스코] THE 슬림 스탠드 냉온정수기 UF","14,900","0"
"https://www.rentalsegye.com/product.php?no=42484&cid=1377&gid=1424","https://tlpartner.speedycdn.net/data/file/item_code/990098083_IjlB1R02_logo_cesco_206x100.png","https://tlpartner.speedycdn.net/data/file/item_product/thumb-990098083_9uBkY5rW_EWES551_224x224.jpg","","EWES551","[세스코] THE 슬림 스탠드 냉온정수기 더블 UF","19,900","0"
"https://www.rentalsegye.com/product.php?no=42753&cid=1377&gid=1424","https://tlpartner.speedycdn.net/data/file/item_code/990098083_TtgPoe0h_logo_lg_372x100.png","https://tlpartner.speedycdn.net/data/file/item_product/thumb-990098083_nGrkLoAX_ECA09CEBAAA9EC9D84-EC9E85EBA0A5ED95B4ECA3BCEC84B8EC9A94_-001_-_2025-07-17T092347.829_224x224.png","타사보상","WD520VCT","[LG] 퓨리케어 오브제컬렉션 맞춤 lite 냉온정수기","18,900","0"
"https://www.rentalsegye.com/product.php?no=47010&cid=1377&gid=1424","https://tlpartner.speedycdn.net/data/file/item_code/990098083_QmYlbwPv_logo_coway_391x100.png","https://tlpartner.speedycdn.net/data/file/item_product/thumb-990098305_0b7cW2zn_CHP-5730_224x224.png","반값할인","CHP-5730L","[코웨이] 워터스탠드 플러스 냉온정수기 (일반형)","23,310","0"
"https://www.rentalsegye.com/product.php?no=47011&cid=1377&gid=1424","https://tlpartner.speedycdn.net/data/file/item_code/990098083_QmYlbwPv_logo_coway_391x100.png","https://tlpartner.speedycdn.net/data/file/item_product/thumb-990098305_hq0fD8rU_CHP-5730_224x224.png","반값할인","CHP-5730R","[코웨이] 워터스탠드 플러스 냉온정수기 (펌프형)","25,110","0"
"https://www.rentalsegye.com/product.php?no=47173&cid=1377&gid=1424","https://tlpartner.speedycdn.net/data/file/item_code/990098083_pRQd9fUT_logo_cuckoo_499x100.png","https://tlpartner.speedycdn.net/data/file/item_product/thumb-990098305_42OFJbXV_CP-DN1201S_224x224.jpg","","CP-DN1201S","[쿠쿠] 업소용 대용량 냉온정수기","26,900","900"
"https://www.rentalsegye.com/product.php?no=43138&cid=1377&gid=1424","https://tlpartner.speedycdn.net/data/file/item_code/990098083_QmYlbwPv_logo_coway_391x100.png","https://tlpartner.speedycdn.net/data/file/item_product/thumb-990098083_PXd7prHB_ECA09CEBAAA9EC9D84_EC9E85EBA0A5ED95B4ECA3BCEC84B8EC9A94_-001_281329_224x224.png","반값할인","CPI-7410N","[코웨이] 아이콘 얼음정수기 스탠다드 (냉정)","37,710","7,710"
"https://www.rentalsegye.com/product.php?no=43680&cid=1377&gid=1424","https://tlpartner.speedycdn.net/data/file/item_code/990098083_pRQd9fUT_logo_cuckoo_499x100.png","https://tlpartner.speedycdn.net/data/file/item_product/990098305_pLNJg1T9_ECA09CEBAAA9EC9D84_EC9E85EBA0A5ED95B4ECA3BCEC84B8EC9A94._28129.gif","타사보상","CP-AMS100EBE/WH/BR/PK/BK","[쿠쿠] 인스퓨어 미니100 초소형 냉온정수기","26,010","10"
"https://www.rentalsegye.com/product.php?no=43690&cid=1377&gid=1424","https://tlpartner.speedycdn.net/data/file/item_code/990098083_Vg5fGhCY_logo_ubus_281x100.png","https://tlpartner.speedycdn.net/data/file/item_product/thumb-990098305_ia6LKstZ_WHCI-25HN_480x480_224x224.png","","WHCI-25HN","[유버스] 아이스가드 얼음정수기","39,900","14,900"
"https://www.rentalsegye.com/product.php?no=46971&cid=1377&gid=1424","https://tlpartner.speedycdn.net/data/file/item_code/990098083_TtgPoe0h_logo_lg_372x100.png","https://tlpartner.speedycdn.net/data/file/item_product/thumb-990098305_wMNZ7U3Q_WS511SH_224x224.jpg","","WS511SH","[LG] 퓨리케어 오브제컬렉션 슬림 스탠드 냉온정수기 에센스화이트","26,000","0"
"https://www.rentalsegye.com/products.php?no=44611&cid=1377&gid=1424","https://tlpartner.speedycdn.net/data/file/item_code/990098083_5K0fpZ9r_logo_samsung_482x100.png","https://tlpartner.speedycdn.net/data/file/item_product/product446110","","RWP70F15ANB/C/W","[삼성] 비스포크 AI 냉온정수기","36,500","13,500"
"https://www.rentalsegye.com/product.php?no=44619&cid=1377&gid=1424","https://tlpartner.speedycdn.net/data/file/item_code/990098083_RW3hHro1_logo_sk_194x100.png","https://tlpartner.speedycdn.net/data/file/item_product/thumb-990098305_2zGomPMS_WPU-JAC125_1_480x480_224x224.png","반값할인","WPU-JAC125S","[SK매직] 초소형 라이트 직수 냉온정수기","24,000","0"
"https://www.rentalsegye.com/product.php?no=45160&cid=1377&gid=1424","https://tlpartner.speedycdn.net/data/file/item_code/990098083_pRQd9fUT_logo_cuckoo_499x100.png","https://tlpartner.speedycdn.net/data/file/item_product/thumb-990098305_yXROxe1g_tvzM5zSlMgxdlH2DwujZUsHsLWszqx_224x224.jpg","","CP-F603SW","[쿠쿠] 내추럴워터 냉온정수기","15,900","0"
"https://www.rentalsegye.com/products.php?no=45162&cid=1377&gid=1424","https://tlpartner.speedycdn.net/data/file/item_code/990098083_5K0fpZ9r_logo_samsung_482x100.png","https://tlpartner.speedycdn.net/data/file/item_product/thumb-990098305_SDQhiguN_RWP54220BF7M_224x224.png","","RWP54220BF7M","[삼성] 비스포크 정수기 냉정수 일체형","25,000","2,000"
"https://www.rentalsegye.com/product.php?no=45438&cid=1377&gid=1424","https://tlpartner.speedycdn.net/data/file/item_code/990098083_IjlB1R02_logo_cesco_206x100.png","https://tlpartner.speedycdn.net/data/file/item_product/thumb-990098305_LIpvchQz_EWES552_480x480_224x224.png","","EWES552","[세스코] 더슬림 더블 RO 스탠드 냉온정수기","27,900","2,900"
"https://www.rentalsegye.com/product.php?no=45440&cid=1377&gid=1424","https://tlpartner.speedycdn.net/data/file/item_code/990098083_IjlB1R02_logo_cesco_206x100.png","https://tlpartner.speedycdn.net/data/file/item_product/thumb-990098305_rcZVyeEu_EWES752_480x480_224x224.png","","EWES752","[세스코] 더맥스 RO 스탠드 냉온정수기","30,900","5,900"
"https://www.rentalsegye.com/product.php?no=45442&cid=1377&gid=1424","https://tlpartner.speedycdn.net/data/file/item_code/990098083_IjlB1R02_logo_cesco_206x100.png","https://tlpartner.speedycdn.net/data/file/item_product/thumb-990098305_nOClRm9N_EWES751_480x480_224x224.png","","EWES751","[세스코] 더맥스 UF 스탠드 냉온정수기","26,900","1,900"
"https://www.rentalsegye.com/product.php?no=45924&cid=1377&gid=1424","https://tlpartner.speedycdn.net/data/file/item_code/990098083_QmYlbwPv_logo_coway_391x100.png","https://tlpartner.speedycdn.net/data/file/item_product/990098305_XzC6tcf9_ECA09CEBAAA9EC9D84_EC9E85EBA0A5ED95B4ECA3BCEC84B8EC9A94._284429.gif","","CHPI-5830L","[코웨이] 아이스 스탠드 자이언트","58,900","28,900"
"https://www.rentalsegye.com/product.php?no=46340&cid=1377&gid=1424","https://tlpartner.speedycdn.net/data/file/item_code/990098083_TtgPoe0h_logo_lg_372x100.png","https://tlpartner.speedycdn.net/data/file/item_product/thumb-990098305_pCxODvaW_ECA09CEBAAA9EC9D84_EC9E85EBA0A5ED95B4ECA3BCEC84B8EC9A94._-_2026-01-12T154133.260_224x224.png","타사보상","WD722RK/WD722RH/WD722RE","[LG] 퓨리케어 오브제컬렉션 얼음 냉온정수기","31,900","0"
"https://www.rentalsegye.com/product.php?no=47211&cid=1377&gid=1424","https://tlpartner.speedycdn.net/data/file/item_code/990098083_5cBVIkhs_logo_wells_357x100.png","https://tlpartner.speedycdn.net/data/file/item_product/thumb-990098305_zcDBFeH1_WT652NWA_224x224.jpg","타사보상","WT652NWA","[웰스] 슈퍼쿨링2 냉정수기","17,900","0"
"https://www.rentalsegye.com/product.php?no=46970&cid=1377&gid=1424","https://tlpartner.speedycdn.net/data/file/item_code/990098083_TtgPoe0h_logo_lg_372x100.png","https://tlpartner.speedycdn.net/data/file/item_product/thumb-990098305_DLnJIjfW_WS513SH_224x224.jpg","","WS513SH","[LG] 퓨리케어 오브제컬렉션 스탠드 냉온정수기 에센스화이트","37,700","0"
"https://www.rentalsegye.com/product.php?no=47015&cid=1377&gid=1424","https://tlpartner.speedycdn.net/data/file/item_code/990098083_QmYlbwPv_logo_coway_391x100.png","https://tlpartner.speedycdn.net/data/file/item_product/thumb-990098305_DryB87QI_CHP-5730N_224x224.png","반값할인","CHP-5730N","[코웨이] 워터스탠드 플러스 냉온정수기 (나노트랩필터)","25,110","0"
"https://www.rentalsegye.com/product.php?no=47141&cid=1377&gid=1424","https://tlpartner.speedycdn.net/data/file/item_code/990098083_QmYlbwPv_logo_coway_391x100.png","https://tlpartner.speedycdn.net/data/file/item_product/990098305_0QvRDjWn_ECA09CEBAAA9EC9D84-EC9E85EBA0A5ED95B4ECA3BCEC84B8EC9A94__281629.gif","반값할인","CP-7220N","[코웨이] 아이콘 정수기3","24,210","0"
"https://www.rentalsegye.com/product.php?no=47200&cid=1377&gid=1424","https://tlpartner.speedycdn.net/data/file/item_code/990098083_3rUDe0nN_logo_chungho_525x100.png","https://tlpartner.speedycdn.net/data/file/item_product/thumb-990098305_6jlUZkGg_WP-31S90010N_224x224.jpg","타사보상","WP-31S90010N","[청호나이스] TOTA MAX 냉온정수기 오트밀베이지","27,900","0"
"https://www.rentalsegye.com/product.php?no=47210&cid=1377&gid=1424","https://tlpartner.speedycdn.net/data/file/item_code/990098083_Vg5fGhCY_logo_ubus_281x100.png","https://tlpartner.speedycdn.net/data/file/item_product/thumb-990098305_rIplMSRq_ODT-010DUW_224x224.jpg","","ODT-010DUW","[유버스] 클리어 직수 냉온정수기 화이트","27,900","2,900"
"https://www.rentalsegye.com/product.php?no=47212&cid=1377&gid=1424","https://tlpartner.speedycdn.net/data/file/item_code/990098083_5cBVIkhs_logo_wells_357x100.png","https://tlpartner.speedycdn.net/data/file/item_product/thumb-990098305_kOFBTH1a_WT672NWA_224x224.jpg","타사보상","WT672NWA","[웰스] 슈퍼쿨링2 냉온정수기","19,900","0"
"https://www.rentalsegye.com/product.php?no=47913&cid=1377&gid=1424","https://tlpartner.speedycdn.net/data/file/item_code/990098083_pRQd9fUT_logo_cuckoo_499x100.png","https://tlpartner.speedycdn.net/data/file/item_product/thumb-990098305_UIqBjEhA_CP-AHS101HEW_224x224.webp","타사보상","CP-AHS101HEW","[쿠쿠] 제로 100 슬림 플러스 얼음 냉온정수기","36,810","10,810"
"https://www.rentalsegye.com/product.php?no=50222&cid=1377&gid=1424","https://tlpartner.speedycdn.net/data/file/item_code/990098083_TtgPoe0h_logo_lg_372x100.png","https://tlpartner.speedycdn.net/data/file/item_product/thumb-990098305_oD8AilV7_jlNsNcFyesmm382eTUpZusYCuAVnhZ_224x224.jpg","타사보상","WD723RK/E","[LG] 퓨리케어 오브제컬렉션 얼음 냉온정수기","29,900","0"
"https://www.rentalsegye.com/product.php?no=50796&cid=1377&gid=1424","https://tlpartner.speedycdn.net/data/file/item_code/990098083_TtgPoe0h_logo_lg_372x100.png","https://tlpartner.speedycdn.net/data/file/item_product/990098305_ju5opzBI_WD724_EB8F99EC9E91EC9DB4EBAFB8ECA780.gif","타사보상","WD724RK/H/E","[LG] 퓨리케어 AI 오브제컬렉션 냉동 얼음 냉온정수기","33,900","0"
"https://www.rentalsegye.com/product.php?no=49288&cid=1377&gid=1424","https://tlpartner.speedycdn.net/data/file/item_code/990098083_RW3hHro1_logo_sk_194x100.png","https://tlpartner.speedycdn.net/data/file/item_product/thumb-990098305_1n9MHf7o_WPU-IAC606_EC98A4ED8AB8EBB080EBB2A0EC9DB4ECA780_224x224.png","반값할인","WPU-IAC606","[SK매직] MEGA ICE 얼음정수기 mini","34,900","8,900"
"https://www.rentalsegye.com/product.php?no=48331&cid=1377&gid=1424","https://tlpartner.speedycdn.net/data/file/item_code/990098083_QmYlbwPv_logo_coway_391x100.png","https://tlpartner.speedycdn.net/data/file/item_product/990098305_RwL1abV2_ezgif.com-animated-gif-maker_28529.gif","타사보상","CHPI-5820L","[코웨이] 아이스 스탠드 정수기3","48,060","18,060"
"https://www.rentalsegye.com/product.php?no=47914&cid=1377&gid=1424","https://tlpartner.speedycdn.net/data/file/item_code/990098083_pRQd9fUT_logo_cuckoo_499x100.png","https://tlpartner.speedycdn.net/data/file/item_product/thumb-990098305_kql2bjG1_CP-AJS821SW_224x224.webp","타사보상","CP-AJS821SW","[쿠쿠] 대용량 PLUS 얼음 냉온정수기","39,860","13,860"
"https://www.rentalsegye.com/product.php?no=48609&cid=1377&gid=1424","https://tlpartner.speedycdn.net/data/file/item_code/990098083_TtgPoe0h_logo_lg_372x100.png","https://tlpartner.speedycdn.net/data/file/item_product/thumb-product486090_224x224.jpg","타사보상","WD520ACB","[LG] 퓨리케어 오브제컬렉션 맞춤 lite 냉온정수기","11,900","0"
"https://www.rentalsegye.com/product.php?no=48050&cid=1377&gid=1424","https://tlpartner.speedycdn.net/data/file/item_code/990098083_pRQd9fUT_logo_cuckoo_499x100.png","https://tlpartner.speedycdn.net/data/file/item_product/thumb-990098305_Rcs9zr1y_CP-AQS100EWH_224x224.jpg","타사보상","CP-AQS100EWH","[쿠쿠] 제로 100 미니 얼음 정수기","35,010","9,010"
"https://www.rentalsegye.com/product.php?no=48070&cid=1377&gid=1424","https://tlpartner.speedycdn.net/data/file/item_code/990098083_RW3hHro1_logo_sk_194x100.png","https://tlpartner.speedycdn.net/data/file/item_product/thumb-990098305_iz4kvpq0_WPU-MAC306SWH_224x224.jpg","반값할인","WPU-MAC306SWH","[SK매직] 투워터 직수 냉온정수기","35,900","9,900"
"https://www.rentalsegye.com/product.php?no=48500&cid=1377&gid=1424","https://tlpartner.speedycdn.net/data/file/item_code/990098305_YmrvaHWd_logo_ruhens_496x100.png","https://tlpartner.speedycdn.net/data/file/item_product/thumb-990098305_hY1vijMy_WHP-2200_224x224.webp","","WHP-2200","[루헨스] 중용량 탱크형 냉온정수기","31,900","7,900"
"https://www.rentalsegye.com/product.php?no=48501&cid=1377&gid=1424","https://tlpartner.speedycdn.net/data/file/item_code/990098305_YmrvaHWd_logo_ruhens_496x100.png","https://tlpartner.speedycdn.net/data/file/item_product/thumb-990098305_Tv2H4Ze3_WHP-3020_224x224.webp","","WHP-3020","[루헨스] 직수형 냉온정수기","34,900","10,900"
"https://www.rentalsegye.com/product.php?no=48502&cid=1377&gid=1424","https://tlpartner.speedycdn.net/data/file/item_code/990098305_YmrvaHWd_logo_ruhens_496x100.png","https://tlpartner.speedycdn.net/data/file/item_product/thumb-990098305_JZfdITQN_WHP-3030_224x224.webp","","WHP-3030","[루헨스] 직수형 냉정수기","32,900","8,900"
"https://www.rentalsegye.com/product.php?no=48503&cid=1377&gid=1424","https://tlpartner.speedycdn.net/data/file/item_code/990098305_YmrvaHWd_logo_ruhens_496x100.png","https://tlpartner.speedycdn.net/data/file/item_product/thumb-990098305_8GlYavEA_WHP-3300_224x224.webp","","WHP-3300","[루헨스] 더 프레임 직수형 냉온정수기","27,900","3,900"
"https://www.rentalsegye.com/product.php?no=48596&cid=1377&gid=1424","https://tlpartner.speedycdn.net/data/file/item_code/990098083_RW3hHro1_logo_sk_194x100.png","https://tlpartner.speedycdn.net/data/file/item_product/thumb-990098305_O81ATCFE_WPU-IAC506_224x224.jpg","반값할인","WPU-IAC506","[SK매직] MEGA ICE 얼음냉온정수기","41,500","15,500"
"https://www.rentalsegye.com/product.php?no=48835&cid=1377&gid=1424","https://tlpartner.speedycdn.net/data/file/item_code/990098083_QmYlbwPv_logo_coway_391x100.png","https://tlpartner.speedycdn.net/data/file/item_product/990098305_XYyCpmPB_CHP-7211N_V2.gif","반값할인","CHP-7211N_V2","[코웨이] 아이콘 정수기2 V2","25,110","0"
"https://www.rentalsegye.com/product.php?no=49323&cid=1377&gid=1424","https://tlpartner.speedycdn.net/data/file/item_code/990098083_pRQd9fUT_logo_cuckoo_499x100.png","https://tlpartner.speedycdn.net/data/file/item_product/thumb-990098305_DxcC6n1i_CP-SS101WSV_224x224.png","","CP-SS101WSV","[쿠쿠] 제로 100S 끓인물 얼음 냉온정수기 화이트","37,900","11,900"
"https://www.rentalsegye.com/product.php?no=48918&cid=1377&gid=1424","https://tlpartner.speedycdn.net/data/file/item_code/990098083_5K0fpZ9r_logo_samsung_482x100.png","https://tlpartner.speedycdn.net/data/file/item_product/thumb-990098305_vDUqsWxy_vMvL5BMQ5u3rMCgTtpwyuGB8KwKKrq_224x224.webp","","RWP90H15ANW/B/C","[삼성] 비스포크 AI 얼음 냉온정수기","58,000","35,000"
"https://www.rentalsegye.com/product.php?no=49127&cid=1377&gid=1424","https://tlpartner.speedycdn.net/data/file/item_code/990098305_YmrvaHWd_logo_ruhens_496x100.png","https://tlpartner.speedycdn.net/data/file/item_product/thumb-990098305_p04aTiRF_eIRKSuGsF1_224x224.jpg","","WHP-1800_RO","[루헨스] 대용량 지하수 냉온정수기","33,900","9,900"
"https://www.rentalsegye.com/product.php?no=49129&cid=1377&gid=1424","https://tlpartner.speedycdn.net/data/file/item_code/990098305_YmrvaHWd_logo_ruhens_496x100.png","https://tlpartner.speedycdn.net/data/file/item_product/thumb-990098305_A6jfp45Q_huyWeRJiV9_224x224.jpg","","WHP-1800S_RO","[루헨스] 대용량 지하수 냉온정수기","33,900","9,900"
"https://www.rentalsegye.com/product.php?no=49384&cid=1377&gid=1424","https://tlpartner.speedycdn.net/data/file/item_code/990098083_QmYlbwPv_logo_coway_391x100.png","https://tlpartner.speedycdn.net/data/file/item_product/990098305_hmAiZF5u_CP-7211N_V2_EB8F99EC9E91.gif","반값할인","CP-7211N_V2","[코웨이] 아이콘 정수기2 V2","23,310","0"
"https://www.rentalsegye.com/product.php?no=49415&cid=1377&gid=1424","https://tlpartner.speedycdn.net/data/file/item_code/990098083_qmb6PiHO_logo_winix_336x100.png","https://tlpartner.speedycdn.net/data/file/item_product/thumb-990098305_FaxnDcZB_TWHM120-PWK_224x224.jpg","","TWHM120-PWK","[위닉스] 컴팩트 얼음정수기 (화이트)","37,900","13,900"
"https://www.rentalsegye.com/product.php?no=49481&cid=1377&gid=1424","https://tlpartner.speedycdn.net/data/file/item_code/990098083_3rUDe0nN_logo_chungho_525x100.png","https://tlpartner.speedycdn.net/data/file/item_product/thumb-990098305_EFSQnIHv_EC9790EC8AA4ED9484EBA088ECB9B4ED8E98_EBB894EB9E99EC9790EB9494EC8598_front_224x224.png","","WF-60C90521M","[청호나이스] 에스프레카페 블랙에디션 커피머신 얼음정수기","48,900","18,900"
"https://www.rentalsegye.com/product.php?no=50184&cid=1377&gid=1424","https://tlpartner.speedycdn.net/data/file/item_code/990098083_qZYoMiDH_logo_quming_325x100.png","https://tlpartner.speedycdn.net/data/file/item_product/990098305_hWLDHOMk_HQPD11CC0G_EB8F99EC9E91.gif","","HQPD11CC0G","[현대큐밍] 딜라이트2 냉온정수기","26,900","1,900"
"https://www.rentalsegye.com/product.php?no=50699&cid=1377&gid=1424","https://tlpartner.speedycdn.net/data/file/item_code/990098083_TtgPoe0h_logo_lg_372x100.png","https://tlpartner.speedycdn.net/data/file/item_product/thumb-product506990_224x224.png","타사보상","WU923ACB/WB/NB/BB","[LG] 퓨리케어 오브제컬렉션 빌트인 냉온정수기","26,900","0"
"https://www.rentalsegye.com/product.php?no=50701&cid=1377&gid=1424","https://tlpartner.speedycdn.net/data/file/item_code/990098083_TtgPoe0h_logo_lg_372x100.png","https://tlpartner.speedycdn.net/data/file/item_product/thumb-product507010_224x224.jpg","타사보상","WU923AS","[LG] 퓨리케어 듀얼 빌트인 냉온정수기","26,900","0"